open,high,low,close,volume,adj_high,adj_low,adj_close,adj_open,adj_volume,split_factor,dividend,symbol,exchange,date
181.03,181.78,179.26,180.95,61945900.0,181.78,179.26,180.95,181.03,61996913.0,1.0,0.0,AAPL,XNAS,2023-06-02
334.25,337.5,332.55,335.4,25864000.0,337.5,332.55,335.4,334.247,25873769.0,1.0,0.0,MSFT,XNAS,2023-06-02
400.97,405.0,390.58,393.27,48165500.0,405.0,390.5801,393.27,400.97,48273121.0,1.0,0.0,NVDA,XNAS,2023-06-02
210.15,217.25,209.752,213.97,164398372.0,217.25,209.752,213.97,210.15,164398372.0,1.0,0.0,TSLA,XNAS,2023-06-02
177.7,180.12,176.9306,180.09,65573428.0,180.12,176.9306,180.09,177.7,68901809.0,1.0,0.0,AAPL,XNAS,2023-06-01
325.93,333.53,324.72,332.58,26761000.0,333.53,324.72,332.58,325.93,26773851.0,1.0,0.0,MSFT,XNAS,2023-06-01
384.89,400.5,383.4,397.7,63479000.0,400.5,383.4,397.7,384.89,63587295.0,1.0,0.0,NVDA,XNAS,2023-06-01
202.59,209.8,199.37,207.52,148029931.0,209.8,199.37,207.52,202.59,148029931.0,1.0,0.0,TSLA,XNAS,2023-06-01
177.325,179.35,176.77,177.25,99012399.0,179.35,176.76,177.25,177.325,99313268.0,1.0,0.0,AAPL,XNAS,2023-05-31
332.29,335.94,327.33,328.39,45931000.0,335.94,327.33,328.39,332.29,45546858.0,1.0,0.0,MSFT,XNAS,2023-05-31
394.88,402.95,378.22,378.34,100125200.0,402.95,378.22,378.34,394.88,99882681.0,1.0,0.0,NVDA,XNAS,2023-05-31
199.78,203.95,195.12,203.93,150711736.0,203.95,195.12,203.93,199.78,149356274.0,1.0,0.0,TSLA,XNAS,2023-05-31
176.96,178.99,176.57,177.3,55886200.0,178.99,176.57,177.3,176.96,55964401.0,1.0,0.0,AAPL,XNAS,2023-05-30
335.23,335.74,330.52,331.21,29472500.0,335.74,330.52,331.21,335.23,29503070.0,1.0,0.0,MSFT,XNAS,2023-05-30
405.95,419.38,399.49,401.11,92151400.0,419.38,399.49,401.11,405.95,92340110.0,1.0,0.0,NVDA,XNAS,2023-05-30
200.1,204.48,197.53,201.16,128818746.0,204.48,197.53,201.16,200.1,128818746.0,1.0,0.0,TSLA,XNAS,2023-05-30
173.32,175.77,173.11,175.43,54834975.0,175.77,173.11,175.43,173.32,54834975.0,1.0,0.0,AAPL,XNAS,2023-05-26
324.02,333.4,323.88,332.89,36630633.0,333.4,323.88,332.89,324.02,36630633.0,1.0,0.0,MSFT,XNAS,2023-05-26
378.9,391.7,375.5,389.46,71439676.0,391.7,375.5,389.46,378.9,71439676.0,1.0,0.0,NVDA,XNAS,2023-05-26
184.62,198.6,184.53,193.17,162061496.0,198.6,184.53,193.17,184.62,162061496.0,1.0,0.0,TSLA,XNAS,2023-05-26
172.41,173.895,171.69,172.99,51339520.0,173.895,171.69,172.99,172.41,56058258.0,1.0,0.0,AAPL,XNAS,2023-05-25
323.24,326.9,320.0,325.92,43231800.0,326.9,320.0,325.92,323.24,43301743.0,1.0,0.0,MSFT,XNAS,2023-05-25
385.23,394.8,366.35,379.8,154241200.0,394.8,366.35,379.8,385.23,154391067.0,1.0,0.0,NVDA,XNAS,2023-05-25
186.54,186.78,180.58,184.47,96870719.0,186.78,180.58,184.47,186.54,96870719.0,1.0,0.0,TSLA,XNAS,2023-05-25
171.09,172.41,170.535,171.84,44691310.0,172.4183,170.52,171.84,171.09,45143488.0,1.0,0.0,AAPL,XNAS,2023-05-24
314.73,316.5,312.61,313.85,23219600.0,316.5,312.61,313.85,314.73,23384887.0,1.0,0.0,MSFT,XNAS,2023-05-24
302.1,306.07,298.06,305.38,72141852.0,306.07,298.06,305.38,302.1,72141851.0,1.0,0.0,NVDA,XNAS,2023-05-24
182.23,184.22,178.22,182.9,137605054.0,184.22,178.22,182.9,182.23,137605054.0,1.0,0.0,TSLA,XNAS,2023-05-24
173.13,173.38,171.28,171.56,50747300.0,173.3794,171.275,171.56,173.13,50747263.0,1.0,0.0,AAPL,XNAS,2023-05-23
320.03,322.72,315.25,315.26,30797200.0,322.72,315.25,315.26,320.03,30797173.0,1.0,0.0,MSFT,XNAS,2023-05-23
310.0,312.88,306.31,306.88,35625300.0,312.88,306.31,306.88,310.0,35625326.0,1.0,0.0,NVDA,XNAS,2023-05-23
186.2,192.96,185.26,185.77,156952094.0,192.96,185.26,185.77,186.2,156952130.0,1.0,0.0,TSLA,XNAS,2023-05-23
173.98,174.71,173.45,174.2,43570900.0,174.71,173.45,174.2,173.98,43570932.0,1.0,0.0,AAPL,XNAS,2023-05-22
318.6,322.59,318.01,321.18,24115700.0,322.59,318.01,321.18,318.6,24115664.0,1.0,0.0,MSFT,XNAS,2023-05-22
309.01,315.2,306.8,311.76,37200000.0,315.2,306.8,311.76,309.01,37199967.0,1.0,0.0,NVDA,XNAS,2023-05-22
180.7,189.32,180.11,188.87,132001406.0,189.32,180.11,188.87,180.7,132001430.0,1.0,0.0,TSLA,XNAS,2023-05-22
176.39,176.39,174.94,175.16,55772400.0,176.39,174.94,175.16,176.39,55809475.0,1.0,0.0,AAPL,XNAS,2023-05-19
316.74,318.75,316.37,318.34,27529500.0,318.75,316.37,318.34,316.74,27546701.0,1.0,0.0,MSFT,XNAS,2023-05-19
315.36,315.8,309.16,312.64,47312400.0,315.8,309.16,312.64,315.36,47390765.0,1.0,0.0,NVDA,XNAS,2023-05-19
177.17,181.95,176.31,180.14,136196703.0,181.95,176.31,180.14,177.17,136196668.0,1.0,0.0,TSLA,XNAS,2023-05-19
173.0,175.24,172.58,175.05,65496700.0,175.24,172.58,175.05,173.0,65496657.0,1.0,0.0,AAPL,XNAS,2023-05-18
314.53,319.04,313.72,318.52,27276000.0,319.04,313.72,318.52,314.53,27275991.0,1.0,0.0,MSFT,XNAS,2023-05-18
304.1,318.28,303.2,316.78,74872500.0,318.28,303.2,316.78,304.1,74872501.0,1.0,0.0,NVDA,XNAS,2023-05-18
174.22,177.06,172.45,176.89,109520305.0,177.06,172.45,176.89,174.22,109520332.0,1.0,0.0,TSLA,XNAS,2023-05-18
171.71,172.93,170.42,172.69,57951600.0,172.925,170.4201,172.69,171.71,57951604.0,1.0,0.0,AAPL,XNAS,2023-05-17
312.29,314.43,310.74,314.0,24315000.0,314.43,310.74,314.0,312.29,24315012.0,1.0,0.68,MSFT,XNAS,2023-05-17
295.84,301.99,294.3,301.78,43253500.0,301.99,294.3001,301.78,295.84,43253541.0,1.0,0.0,NVDA,XNAS,2023-05-17
168.41,174.5,167.185,173.86,125473602.0,174.5,167.185,173.86,168.41,125473558.0,1.0,0.0,TSLA,XNAS,2023-05-17
171.99,173.14,171.8,172.07,42110300.0,173.1383,171.7991,172.07,171.99,42110293.0,1.0,0.0,AAPL,XNAS,2023-05-16
309.83,313.71,309.83,311.74,26730300.0,313.0320960976,309.1604804881,311.06,309.1604804881,26730347.0,1.0,0.0,MSFT,XNAS,2023-05-16
288.41,298.7,288.32,292.13,44940500.0,298.7,288.32,292.13,288.41,44940494.0,1.0,0.0,NVDA,XNAS,2023-05-16
165.65,169.5184,164.35,166.52,98288789.0,169.5184,164.35,166.52,165.65,98288792.0,1.0,0.0,TSLA,XNAS,2023-05-16
173.16,173.21,171.47,172.07,37266700.0,173.21,171.47,172.07,173.16,37266659.0,1.0,0.0,AAPL,XNAS,2023-05-15
309.1,309.9,307.59,309.46,16336500.0,309.2353184187,306.925320961,308.785,308.4270687683,16336547.0,1.0,0.0,MSFT,XNAS,2023-05-15
285.08,289.69,281.52,289.53,29392600.0,289.69,281.52,289.53,285.085,29392587.0,1.0,0.0,NVDA,XNAS,2023-05-15
167.655,169.76,164.5499,166.35,105592492.0,169.76,164.5499,166.35,167.655,105592510.0,1.0,0.0,TSLA,XNAS,2023-05-15
173.62,174.06,171.0,172.57,45497800.0,174.06,171.0,172.57,173.62,45533138.0,1.0,0.24,AAPL,XNAS,2023-05-12
310.55,310.65,306.6,308.97,19774699.0,309.9787085293,305.9374602771,308.296,309.8789246218,19774696.0,1.0,0.0,MSFT,XNAS,2023-05-12
285.29,287.8,280.46,283.4,27402700.0,287.8,280.46,283.4,285.29,27422225.0,1.0,0.0,NVDA,XNAS,2023-05-12
176.07,177.38,167.23,167.98,157849594.0,177.38,167.23,167.98,176.07,157849625.0,1.0,0.0,TSLA,XNAS,2023-05-12
173.85,174.59,172.17,173.75,49514700.0,174.3475279208,171.9308888375,173.51,173.6085556391,49514676.0,1.0,0.0,AAPL,XNAS,2023-05-11
310.1,311.12,306.2601,310.11,31680180.0,310.4476928944,305.5982947756,309.4336,309.4298970383,31680179.0,1.0,0.0,MSFT,XNAS,2023-05-11
288.96,289.5,282.46,285.78,32214900.0,289.5,282.46,285.78,288.96,32214903.0,1.0,0.0,NVDA,XNAS,2023-05-11
168.7,173.57,166.79,172.08,103889906.0,173.57,166.79,172.08,168.7,103889930.0,1.0,0.0,TSLA,XNAS,2023-05-11
173.02,174.03,171.9,173.56,53724500.0,173.7883056536,171.6612638158,173.3203,172.7797083502,53724501.0,1.0,0.0,AAPL,XNAS,2023-05-10
308.62,313.0,307.67,312.31,30078039.0,312.3236303546,307.0051480869,311.6288,307.9530952078,30078044.0,1.0,0.0,MSFT,XNAS,2023-05-10
290.05,291.13,284.61,288.85,36935000.0,291.13,284.6128,288.85,290.05,36934998.0,1.0,0.0,NVDA,XNAS,2023-05-10
172.55,174.43,166.68,168.54,119840703.0,174.43,166.68,168.54,172.55,119840693.0,1.0,0.0,TSLA,XNAS,2023-05-10
173.05,173.54,171.6,171.77,45326900.0,173.2989861698,171.3616804583,171.5327,172.809666686,45326874.0,1.0,0.0,AAPL,XNAS,2023-05-09
308.0,310.04,306.31,307.0,21340830.0,309.3700266938,305.6480869455,306.3303,307.3344349816,21340829.0,1.0,0.0,MSFT,XNAS,2023-05-09
288.99,289.73,284.5,285.71,31486900.0,289.73,284.5,285.71,288.99,31486946.0,1.0,0.0,NVDA,XNAS,2023-05-09
168.95,169.82,166.56,169.15,88965039.0,169.82,166.56,169.15,168.95,88965043.0,1.0,0.0,TSLA,XNAS,2023-05-09
172.48,173.85,172.11,173.5,55962800.0,173.6085556391,171.870972166,173.2603,172.2404583068,55962793.0,1.0,0.0,AAPL,XNAS,2023-05-08
310.13,310.2,306.09,308.65,21318609.0,309.5296809457,305.4285623491,307.9767,309.4598322105,21318613.0,1.0,0.0,MSFT,XNAS,2023-05-08
285.22,292.2,283.5,291.51,34497900.0,292.2,283.5,291.51,285.22,34497890.0,1.0,0.0,NVDA,XNAS,2023-05-08
173.72,173.8,169.19,171.79,112249398.0,173.8,169.19,171.79,173.72,112249449.0,1.0,0.0,TSLA,XNAS,2023-05-08
170.98,174.3,170.76,173.57,113316400.0,174.0579306753,170.5228470575,173.3302,170.7375484636,113453171.0,1.0,0.0,AAPL,XNAS,2023-05-05
305.72,311.97,304.27,310.65,28197051.0,311.2958561078,303.6124952333,309.9724,305.0593618914,28197052.0,1.0,0.0,MSFT,XNAS,2023-05-05
278.26,287.55,277.31,286.8,36101400.0,287.55,277.31,286.8,278.255,36149408.0,1.0,0.0,NVDA,XNAS,2023-05-05
163.97,170.7899,163.51,170.06,107607297.0,170.7899,163.51,170.06,163.97,107607259.0,1.0,0.0,TSLA,XNAS,2023-05-05
164.89,167.04,164.31,165.79,81235400.0,166.8080134251,164.0818048724,165.561,164.6609993635,81235427.0,1.0,0.0,AAPL,XNAS,2023-05-04
306.24,307.7626,303.4,305.41,22519910.0,307.0975479853,302.7443752383,304.7438,305.5782382102,22519907.0,1.0,0.0,MSFT,XNAS,2023-05-04
276.51,278.59,272.4,275.62,32185000.0,278.59,272.4,275.62,276.51,32185041.0,1.0,0.0,NVDA,XNAS,2023-05-04
162.71,162.95,159.65,161.2,95108484.0,162.95,159.65,161.2,162.71,95108492.0,1.0,0.0,TSLA,XNAS,2023-05-04
169.5,170.92,167.16,167.45,65136000.0,170.6826248481,166.9278467681,167.2187,169.2645969562,65136018.0,1.0,0.0,AAPL,XNAS,2023-05-03
306.62,308.61,304.09,304.4,22360750.0,307.9431168171,303.4328841998,303.736,305.9574170586,22360754.0,1.0,0.0,MSFT,XNAS,2023-05-03
278.4,283.67,274.72,278.02,38338700.0,283.67,274.72,278.02,278.4,38338740.0,1.0,0.0,NVDA,XNAS,2023-05-03
160.01,165.0,159.91,160.61,119728000.0,165.0,159.91,160.61,160.01,119727972.0,1.0,0.0,TSLA,XNAS,2023-05-03
170.09,170.35,167.54,168.54,48425696.0,170.35,167.54,168.54,170.09,48425696.0,1.0,0.0,AAPL,XNAS,2023-05-02
307.76,309.18,303.91,305.41,26404431.0,309.18,303.91,305.41,307.76,26404431.0,1.0,0.0,MSFT,XNAS,2023-05-02
286.8,288.3599,280.83,282.1,40272957.0,288.3599,280.83,282.1,286.8,40272957.0,1.0,0.0,NVDA,XNAS,2023-05-02
161.88,165.49,158.93,160.31,128259744.0,165.49,158.93,160.31,161.88,128259744.0,1.0,0.0,TSLA,XNAS,2023-05-02
169.28,170.45,168.64,169.59,47584395.0,170.45,168.64,169.59,169.28,52472936.0,1.0,0.0,AAPL,XNAS,2023-05-01
306.97,308.6,305.15,305.56,21275000.0,308.6,305.15,305.56,306.97,21294115.0,1.0,0.0,MSFT,XNAS,2023-05-01
278.4,290.58,277.8,289.1,56950000.0,290.5844,277.8,289.1,278.4,57032853.0,1.0,0.0,NVDA,XNAS,2023-05-01
163.17,163.28,158.83,161.83,109015048.0,163.28,158.83,161.83,163.17,109015048.0,1.0,0.0,TSLA,XNAS,2023-05-01
168.49,169.85,167.88,169.68,55209200.0,169.85,167.8801,169.68,168.49,55275851.0,1.0,0.0,AAPL,XNAS,2023-04-28
304.01,308.93,303.31,307.26,36446700.0,308.93,303.31,307.26,304.01,36469613.0,1.0,0.0,MSFT,XNAS,2023-04-28
272.25,277.58,270.71,277.49,29168700.0,277.58,270.7148,277.49,272.25,29221614.0,1.0,0.0,NVDA,XNAS,2023-04-28
160.9,165.0,157.32,164.31,122515812.0,165.0,157.32,164.31,160.9,122515812.0,1.0,0.0,TSLA,XNAS,2023-04-28
165.19,168.56,165.19,168.41,64524702.0,168.56,165.19,168.41,165.19,64902329.0,1.0,0.0,AAPL,XNAS,2023-04-27
295.97,305.2,295.25,304.83,46350000.0,305.2,295.25,304.83,295.97,46462638.0,1.0,0.0,MSFT,XNAS,2023-04-27
273.63,274.95,266.25,272.26,37569800.0,274.95,266.2501,272.26,273.63,37716119.0,1.0,0.0,NVDA,XNAS,2023-04-27
152.64,160.48,152.37,160.19,127015177.0,160.48,152.37,160.19,152.64,127015177.0,1.0,0.0,TSLA,XNAS,2023-04-27
163.06,165.28,162.8,163.76,45425700.0,165.28,162.8,163.76,163.055,44105745.0,1.0,0.0,AAPL,XNAS,2023-04-26
296.7,299.57,292.73,295.37,64532500.0,299.57,292.73,295.37,296.7,64481117.0,1.0,0.0,MSFT,XNAS,2023-04-26
270.02,273.3,267.05,269.56,40547000.0,273.3,267.051,269.56,270.02,40449391.0,1.0,0.0,NVDA,XNAS,2023-04-26
160.29,160.67,153.14,153.75,153364142.0,160.67,153.14,153.75,160.29,152247096.0,1.0,0.0,TSLA,XNAS,2023-04-26
165.19,166.3,163.73,163.77,48714063.0,166.305,163.73,163.77,165.19,48714063.0,1.0,0.0,AAPL,XNAS,2023-04-25
279.51,281.6,275.37,275.42,43772500.0,281.6,275.37,275.42,279.51,45772236.0,1.0,0.0,MSFT,XNAS,2023-04-25
270.78,272.47,262.25,262.41,37289400.0,272.47,262.25,262.41,270.78,37852716.0,1.0,0.0,NVDA,XNAS,2023-04-25
159.82,163.47,158.75,160.67,121999312.0,163.47,158.75,160.67,159.82,121999312.0,1.0,0.0,TSLA,XNAS,2023-04-25
165.05,165.6,163.9,165.33,41949581.0,165.6,163.89,165.33,165.0,41949581.0,1.0,0.0,AAPL,XNAS,2023-04-24
282.09,284.95,278.72,281.77,26590300.0,284.95,278.72,281.77,282.09,26611014.0,1.0,0.0,MSFT,XNAS,2023-04-24
270.13,273.66,266.71,270.42,33886500.0,273.6599,266.7101,270.42,270.13,33928186.0,1.0,0.0,NVDA,XNAS,2023-04-24
164.65,165.65,158.61,162.55,140006559.0,165.65,158.61,162.55,164.65,140006559.0,1.0,0.0,TSLA,XNAS,2023-04-24
165.05,166.45,164.49,165.02,58311900.0,166.4521,164.49,165.02,165.05,58337341.0,1.0,0.0,AAPL,XNAS,2023-04-21
285.01,286.27,283.06,285.76,21665400.0,286.27,283.0608,285.76,285.01,21676387.0,1.0,0.0,MSFT,XNAS,2023-04-21
269.52,271.83,267.22,271.19,34476600.0,271.83,267.22,271.19,269.52,34510277.0,1.0,0.0,NVDA,XNAS,2023-04-21
164.8,166.0,161.3208,165.08,123538954.0,166.0,161.3208,165.08,164.8,123538954.0,1.0,0.0,TSLA,XNAS,2023-04-21
166.09,167.87,165.56,166.65,52456377.0,167.87,165.56,166.65,166.09,52456377.0,1.0,0.0,AAPL,XNAS,2023-04-20
285.25,289.03,285.08,286.11,23214000.0,289.03,285.08,286.11,285.25,23244363.0,1.0,0.0,MSFT,XNAS,2023-04-20
276.71,280.3,270.0,271.04,42698400.0,280.3,270.0,271.04,276.71,42771326.0,1.0,0.0,NVDA,XNAS,2023-04-20
166.165,169.7,160.56,162.99,210970819.0,169.7,160.56,162.99,166.165,210970819.0,1.0,0.0,TSLA,XNAS,2023-04-20
165.8,168.16,165.54,167.63,47720166.0,168.16,165.54,167.63,165.8,47720166.0,1.0,0.0,AAPL,XNAS,2023-04-19
285.99,289.05,284.54,288.45,17114800.0,289.05,284.54,288.45,285.99,17150271.0,1.0,0.0,MSFT,XNAS,2023-04-19
273.61,280.0,272.32,279.31,35750700.0,280.0,272.32,279.31,273.61,35866041.0,1.0,0.0,NVDA,XNAS,2023-04-19
179.1,183.5,177.65,180.59,125732687.0,183.5,177.65,180.59,179.1,125732687.0,1.0,0.0,TSLA,XNAS,2023-04-19
166.1,167.41,165.65,166.47,49923008.0,167.41,165.65,166.47,166.1,49923008.0,1.0,0.0,AAPL,XNAS,2023-04-18
291.57,291.76,287.01,288.37,20149400.0,291.755,287.01,288.37,291.57,20161845.0,1.0,0.0,MSFT,XNAS,2023-04-18
275.33,281.1,273.57,276.67,60422300.0,281.1,273.57,276.67,275.335,60481154.0,1.0,0.0,NVDA,XNAS,2023-04-18
187.15,187.69,183.5775,184.31,92067016.0,187.69,183.5775,184.31,187.15,92067016.0,1.0,0.0,TSLA,XNAS,2023-04-18
165.09,165.39,164.03,165.23,38730570.0,165.39,164.03,165.23,165.09,40713618.0,1.0,0.0,AAPL,XNAS,2023-04-17
289.93,291.6,286.16,288.8,23818000.0,291.6,286.16,288.8,289.93,23791151.0,1.0,0.0,MSFT,XNAS,2023-04-17
265.65,270.06,264.33,270.02,32075600.0,270.06,264.3318,270.02,265.655,31348982.0,1.0,0.0,NVDA,XNAS,2023-04-17
186.32,189.69,182.69,187.04,116662189.0,189.69,182.69,187.04,186.32,116177121.0,1.0,0.0,TSLA,XNAS,2023-04-17
164.59,166.32,163.82,165.21,49337200.0,166.32,163.82,165.21,164.59,49386480.0,1.0,0.0,AAPL,XNAS,2023-04-14
287.0,288.48,283.69,286.14,20973900.0,288.48,283.69,286.14,287.0,20987917.0,1.0,0.0,MSFT,XNAS,2023-04-14
265.04,268.83,262.2,267.58,39505500.0,268.83,262.2,267.58,265.04,39566013.0,1.0,0.0,NVDA,XNAS,2023-04-14
183.95,186.28,182.01,185.0,96438664.0,186.28,182.01,185.0,183.95,96438664.0,1.0,0.0,TSLA,XNAS,2023-04-14
161.63,165.8,161.44,165.56,68445649.0,165.8,161.42,165.56,161.63,68445649.0,1.0,0.0,AAPL,XNAS,2023-04-13
283.59,289.9,283.17,289.84,24205200.0,289.9,283.17,289.84,283.59,24222678.0,1.0,0.0,MSFT,XNAS,2023-04-13
267.34,268.87,263.29,264.63,35297200.0,268.869,263.29,264.63,267.34,35361528.0,1.0,0.0,NVDA,XNAS,2023-04-13
182.955,186.5,180.94,185.9,112932985.0,186.5,180.94,185.9,182.955,112932985.0,1.0,0.0,TSLA,XNAS,2023-04-13
161.22,162.06,159.78,160.1,50133062.0,162.06,159.78,160.1,161.22,50133062.0,1.0,0.0,AAPL,XNAS,2023-04-12
284.79,287.01,281.96,283.49,27373400.0,287.01,281.96,283.49,284.79,27403432.0,1.0,0.0,MSFT,XNAS,2023-04-12
273.7,274.68,264.48,264.95,44529900.0,274.6799,264.475,264.95,273.7,44625895.0,1.0,0.0,NVDA,XNAS,2023-04-12
190.74,191.5846,180.31,180.54,150256278.0,191.5846,180.31,180.54,190.74,150256278.0,1.0,0.0,TSLA,XNAS,2023-04-12
162.35,162.36,160.51,160.8,47507081.0,162.36,160.51,160.8,162.35,47644217.0,1.0,0.0,AAPL,XNAS,2023-04-11
285.75,285.98,281.64,282.83,27254900.0,285.98,281.64,282.83,285.75,27276589.0,1.0,0.0,MSFT,XNAS,2023-04-11
277.24,277.9,271.26,271.69,31383600.0,277.9,271.26,271.69,277.235,31437817.0,1.0,0.0,NVDA,XNAS,2023-04-11
186.69,189.19,185.6475,186.79,115770892.0,189.19,185.6475,186.79,186.69,115770892.0,1.0,0.0,TSLA,XNAS,2023-04-11
161.42,162.03,160.08,162.03,47716882.0,162.03,160.08,162.03,161.42,47716882.0,1.0,0.0,AAPL,XNAS,2023-04-10
289.21,289.6,284.71,289.39,23079400.0,289.6,284.71,289.39,289.208,23102994.0,1.0,0.0,MSFT,XNAS,2023-04-10
268.23,276.21,266.69,275.79,39438000.0,276.2099,266.69,275.79,268.23,39527855.0,1.0,0.0,NVDA,XNAS,2023-04-10
179.94,185.1,176.11,184.51,142154637.0,185.1,176.11,184.51,179.94,142154637.0,1.0,0.0,TSLA,XNAS,2023-04-10
162.43,164.9584,162.0,164.66,45390123.0,164.9584,162.0,164.66,162.43,45390123.0,1.0,0.0,AAPL,XNAS,2023-04-06
283.21,292.08,282.03,291.6,29770334.0,292.08,282.03,291.6,283.21,29770334.0,1.0,0.0,MSFT,XNAS,2023-04-06
265.84,270.8,264.27,270.37,39765434.0,270.8,264.27,270.37,265.84,39765434.0,1.0,0.0,NVDA,XNAS,2023-04-06
183.08,186.39,179.74,185.06,123857932.0,186.39,179.74,185.06,183.08,123857932.0,1.0,0.0,TSLA,XNAS,2023-04-06
164.74,165.05,161.8,163.76,50263014.0,165.05,161.8,163.76,164.74,51511744.0,1.0,0.0,AAPL,XNAS,2023-04-05
285.85,287.15,282.92,284.34,22028700.0,287.15,282.92,284.34,285.85,22064770.0,1.0,0.0,MSFT,XNAS,2023-04-05
268.29,269.98,263.95,268.81,51403400.0,269.98,263.95,268.81,268.29,51501474.0,1.0,0.0,NVDA,XNAS,2023-04-05
190.515,190.68,183.76,185.52,133882493.0,190.68,183.76,185.52,190.515,133882493.0,1.0,0.0,TSLA,XNAS,2023-04-05
166.595,166.83,165.11,165.63,46278295.0,166.84,165.11,165.63,166.595,46278295.0,1.0,0.0,AAPL,XNAS,2023-04-04
287.23,290.4499,285.67,287.18,24682420.0,290.4499,285.67,287.18,287.23,25824299.0,1.0,0.0,MSFT,XNAS,2023-04-04
279.66,280.0,273.08,274.53,36859153.0,280.0,273.07,274.53,279.66,36859153.0,1.0,0.0,NVDA,XNAS,2023-04-04
197.32,198.7446,190.32,192.58,126463845.0,198.7446,190.32,192.58,197.32,126463845.0,1.0,0.0,TSLA,XNAS,2023-04-04
164.27,166.29,164.27,166.17,54888988.0,166.29,164.22,166.17,164.27,56976187.0,1.0,0.0,AAPL,XNAS,2023-04-03
286.52,288.27,283.95,287.23,24868400.0,288.27,283.95,287.23,286.52,24883342.0,1.0,0.0,MSFT,XNAS,2023-04-03
275.09,280.0,273.36,279.65,39807200.0,280.0,273.36,279.65,275.09,39871560.0,1.0,0.0,NVDA,XNAS,2023-04-03
199.91,202.6897,192.2,194.77,169545900.0,202.6897,192.2,194.77,199.91,169545900.0,1.0,0.0,TSLA,XNAS,2023-04-03
162.44,165.0,161.91,164.9,68694700.0,165.0,161.91,164.9,162.44,68749792.0,1.0,0.0,AAPL,XNAS,2023-03-31
283.73,289.27,283.0,288.3,32740300.0,289.27,283.0,288.3,283.73,32765976.0,1.0,0.0,MSFT,XNAS,2023-03-31
271.4,278.34,271.05,277.77,43324300.0,278.3431,271.05,277.77,271.4,43393277.0,1.0,0.0,NVDA,XNAS,2023-03-31
197.53,207.79,197.2,207.46,170222118.0,207.79,197.2,207.46,197.53,170222118.0,1.0,0.0,TSLA,XNAS,2023-03-31
161.53,162.47,161.271,162.36,44935963.0,162.47,161.271,162.36,161.53,49501689.0,1.0,0.0,AAPL,XNAS,2023-03-30
284.23,284.46,281.48,284.05,25023700.0,284.46,281.48,284.05,284.23,25053410.0,1.0,0.0,MSFT,XNAS,2023-03-30
272.29,274.99,271.02,273.83,36381900.0,274.99,271.02,273.83,272.29,36451574.0,1.0,0.0,NVDA,XNAS,2023-03-30
195.58,197.33,194.42,195.28,110252238.0,197.33,194.42,195.28,195.58,110252238.0,1.0,0.0,TSLA,XNAS,2023-03-30
159.37,161.04,159.35,160.77,48914471.0,161.05,159.35,160.77,159.37,51305691.0,1.0,0.0,AAPL,XNAS,2023-03-29
278.96,281.14,278.41,280.51,25054100.0,281.1398,278.41,280.51,278.96,25087032.0,1.0,0.0,MSFT,XNAS,2023-03-29
268.25,270.78,265.97,269.84,39266900.0,270.78,265.97,269.84,268.25,39369387.0,1.0,0.0,NVDA,XNAS,2023-03-29
193.13,195.29,189.44,193.88,123660026.0,195.29,189.44,193.88,193.13,123660026.0,1.0,0.0,TSLA,XNAS,2023-03-29
157.97,158.1277,155.98,157.65,45992152.0,158.49,155.98,157.65,157.97,45992152.0,1.0,0.0,AAPL,XNAS,2023-03-28
275.79,276.14,272.05,275.23,21856400.0,276.14,272.0451,275.23,275.79,21878647.0,1.0,0.0,MSFT,XNAS,2023-03-28
264.47,265.13,258.5,264.1,35547400.0,265.13,258.5,264.1,264.47,35610378.0,1.0,0.0,NVDA,XNAS,2023-03-28
192.0,192.35,185.43,189.19,98654635.0,192.35,185.43,189.19,192.0,98654635.0,1.0,0.0,TSLA,XNAS,2023-03-28
159.94,160.77,157.87,158.28,52264369.0,160.77,157.87,158.28,159.94,52390266.0,1.0,0.0,AAPL,XNAS,2023-03-27
280.5,281.46,275.52,276.38,26808900.0,281.4589,275.52,276.38,280.5,26840212.0,1.0,0.0,MSFT,XNAS,2023-03-27
268.37,270.0,263.65,265.31,36049500.0,270.0,263.65,265.31,268.37,36102574.0,1.0,0.0,NVDA,XNAS,2023-03-27
194.415,197.39,189.94,191.81,120851587.0,197.39,189.94,191.81,194.415,120851587.0,1.0,0.0,TSLA,XNAS,2023-03-27
158.86,160.34,157.85,160.25,59196500.0,160.34,157.85,160.25,158.86,59256343.0,1.0,0.0,AAPL,XNAS,2023-03-24
277.24,280.63,275.28,280.57,28172000.0,280.63,275.28,280.57,277.24,28199962.0,1.0,0.0,MSFT,XNAS,2023-03-24
270.31,271.67,263.55,267.79,45492000.0,271.67,263.55,267.79,270.31,45541407.0,1.0,0.0,NVDA,XNAS,2023-03-24
191.65,192.36,187.15,190.41,116531584.0,192.36,187.15,190.41,191.65,116531584.0,1.0,0.0,TSLA,XNAS,2023-03-24
158.83,161.55,157.68,158.93,67330105.0,161.5501,157.68,158.93,158.83,67622060.0,1.0,0.0,AAPL,XNAS,2023-03-23
277.94,281.06,275.2,277.66,36590300.0,281.06,275.2,277.66,277.94,36610879.0,1.0,0.0,MSFT,XNAS,2023-03-23
271.15,274.99,266.9,271.91,56377300.0,274.99,266.9,271.91,271.155,56488876.0,1.0,0.0,NVDA,XNAS,2023-03-23
195.26,199.31,188.65,192.22,144193876.0,199.31,188.65,192.22,195.26,144193876.0,1.0,0.0,TSLA,XNAS,2023-03-23
159.3,162.14,157.81,157.83,69099334.0,162.14,157.81,157.83,159.3,75701811.0,1.0,0.0,AAPL,XNAS,2023-03-22
273.4,281.04,272.18,272.29,34731100.0,281.04,272.18,272.29,273.4,34873330.0,1.0,0.0,MSFT,XNAS,2023-03-22
264.25,275.89,262.37,264.68,79263700.0,275.89,262.37,264.68,264.25,79729511.0,1.0,0.0,NVDA,XNAS,2023-03-22
199.3,200.66,190.95,191.15,150376373.0,200.66,190.95,191.15,199.3,150376373.0,1.0,0.0,TSLA,XNAS,2023-03-22
157.32,159.4,156.54,159.28,73868900.0,159.4,156.54,159.28,157.32,73938285.0,1.0,0.0,AAPL,XNAS,2023-03-21
274.88,275.0,269.52,273.78,34531100.0,275.0,269.5191,273.78,274.88,34558704.0,1.0,0.0,MSFT,XNAS,2023-03-21
261.8,263.92,253.81,261.99,54631100.0,263.92,253.81,261.99,261.8,54740776.0,1.0,0.0,NVDA,XNAS,2023-03-21
188.28,198.0,188.04,197.58,153391444.0,198.0,188.04,197.58,188.28,153391444.0,1.0,0.0,TSLA,XNAS,2023-03-21
155.07,157.81,154.15,157.4,73641415.0,157.82,154.15,157.4,155.07,73641415.0,1.0,0.0,AAPL,XNAS,2023-03-20
276.98,277.48,269.85,272.23,43438200.0,277.48,269.85,272.23,276.98,43466649.0,1.0,0.0,MSFT,XNAS,2023-03-20
256.15,260.24,251.3,259.0,43198400.0,260.24,251.2983,259.0,256.15,43274719.0,1.0,0.0,NVDA,XNAS,2023-03-20
178.08,186.44,176.35,183.25,129684359.0,186.44,176.35,183.25,178.08,129684359.0,1.0,0.0,TSLA,XNAS,2023-03-20
156.08,156.74,154.28,155.0,98862500.0,156.74,154.28,155.0,156.08,98944633.0,1.0,0.0,AAPL,XNAS,2023-03-17
278.26,283.33,276.32,279.43,69492200.0,283.33,276.3201,279.43,278.26,69527371.0,1.0,0.0,MSFT,XNAS,2023-03-17
259.82,263.99,256.68,257.25,84694400.0,263.99,256.68,257.25,259.82,84854656.0,1.0,0.0,NVDA,XNAS,2023-03-17
184.515,186.2199,177.33,180.13,133197140.0,186.2199,177.33,180.13,184.515,133197140.0,1.0,0.0,TSLA,XNAS,2023-03-17
152.16,156.42,151.64,155.85,76254419.0,156.46,151.64,155.85,152.16,76254419.0,1.0,0.0,AAPL,XNAS,2023-03-16
265.205,276.5,263.28,276.2,54832140.0,276.56,263.28,276.2,265.205,54832140.0,1.0,0.0,MSFT,XNAS,2023-03-16
240.27,255.88,238.94,255.41,58494626.0,255.88,238.94,255.41,240.27,58494626.0,1.0,0.0,NVDA,XNAS,2023-03-16
180.365,185.81,178.84,184.13,121374453.0,185.81,178.84,184.13,180.365,121374453.0,1.0,0.0,TSLA,XNAS,2023-03-16
151.19,153.245,149.92,152.99,77167866.0,153.245,149.92,152.99,151.19,77167866.0,1.0,0.0,AAPL,XNAS,2023-03-15
259.98,266.48,259.21,265.44,45975900.0,266.48,259.21,265.44,259.98,46028047.0,1.0,0.0,MSFT,XNAS,2023-03-15
237.61,242.86,233.6001,242.28,52448574.0,242.86,233.6,242.28,237.61,52448574.0,1.0,0.0,NVDA,XNAS,2023-03-15
180.8,182.34,176.03,180.45,145995583.0,182.34,176.03,180.45,180.8,145995583.0,1.0,0.0,TSLA,XNAS,2023-03-15
151.28,153.4,150.1,152.59,73628400.0,153.4,150.1,152.59,151.28,73695893.0,1.0,0.0,AAPL,XNAS,2023-03-14
256.75,261.07,255.86,260.79,33594200.0,261.07,255.86,260.79,256.75,33620293.0,1.0,0.0,MSFT,XNAS,2023-03-14
234.96,242.19,234.6,240.63,47431000.0,242.19,234.6,240.63,234.96,47491013.0,1.0,0.0,NVDA,XNAS,2023-03-14
177.31,183.8,177.1401,183.26,143717897.0,183.8,177.1401,183.26,177.31,143717897.0,1.0,0.0,TSLA,XNAS,2023-03-14
147.805,153.14,147.7,150.47,84457122.0,153.14,147.7,150.47,147.805,84457122.0,1.0,0.0,AAPL,XNAS,2023-03-13
247.4,257.9,245.75,253.92,33339721.0,257.91,245.73,253.92,247.4,33339721.0,1.0,0.0,MSFT,XNAS,2023-03-13
227.52,232.9624,222.97,229.66,42189032.0,232.98,222.97,229.66,227.52,42189032.0,1.0,0.0,NVDA,XNAS,2023-03-13
167.455,177.35,163.91,174.48,167790256.0,177.35,163.91,174.48,167.455,167790256.0,1.0,0.0,TSLA,XNAS,2023-03-13
150.21,150.94,147.61,148.5,68524400.0,150.94,147.6096,148.5,150.21,68572400.0,1.0,0.0,AAPL,XNAS,2023-03-10
251.08,252.79,247.6,248.59,28321800.0,252.79,247.6,248.59,251.08,28333930.0,1.0,0.0,MSFT,XNAS,2023-03-10
234.09,236.27,227.26,229.65,47453200.0,236.27,227.26,229.65,234.09,47486565.0,1.0,0.0,NVDA,XNAS,2023-03-10
175.13,178.29,168.44,173.44,191488872.0,178.29,168.44,173.44,175.13,191488872.0,1.0,0.0,TSLA,XNAS,2023-03-10
153.559,154.5312,150.225,150.59,53833582.0,154.535,150.225,150.59,153.559,53833582.0,1.0,0.0,AAPL,XNAS,2023-03-09
255.82,259.56,251.58,252.32,26620700.0,259.56,251.58,252.32,255.82,26653387.0,1.0,0.0,MSFT,XNAS,2023-03-09
241.75,244.5389,233.8284,234.36,49451769.0,244.54,233.8284,234.36,241.75,50125699.0,1.0,0.0,NVDA,XNAS,2023-03-09
180.25,185.18,172.5124,172.92,170023794.0,185.18,172.5124,172.92,180.25,170023794.0,1.0,0.0,TSLA,XNAS,2023-03-09
152.81,153.47,151.83,152.87,47129000.0,153.47,151.83,152.87,152.81,47204791.0,1.0,0.0,AAPL,XNAS,2023-03-08
254.04,254.54,250.81,253.7,17318400.0,254.5417,250.81,253.7,254.04,17340217.0,1.0,0.0,MSFT,XNAS,2023-03-08
234.87,242.0,234.235,241.81,51357339.0,242.0,234.235,241.81,234.87,51357339.0,1.0,0.0,NVDA,XNAS,2023-03-08
185.04,186.5,180.0,182.0,151897763.0,186.5,180.0,182.0,185.04,151897763.0,1.0,0.0,TSLA,XNAS,2023-03-08
153.7,154.0299,151.13,151.6,56097579.0,154.0299,151.13,151.6,153.7,56182028.0,1.0,0.0,AAPL,XNAS,2023-03-07
256.3,257.68,253.39,254.15,21473179.0,257.69,253.39,254.15,256.3,21473179.0,1.0,0.0,MSFT,XNAS,2023-03-07
236.0,241.25,232.41,232.88,51515388.0,241.25,232.41,232.88,236.0,51515388.0,1.0,0.04,NVDA,XNAS,2023-03-07
191.38,194.2,186.1,187.71,148125790.0,194.2,186.1,187.71,191.38,148125790.0,1.0,0.0,TSLA,XNAS,2023-03-07
153.785,156.295,153.46,153.83,85084876.0,156.3,153.46,153.83,153.785,87558028.0,1.0,0.0,AAPL,XNAS,2023-03-06
256.43,260.12,255.98,256.87,24088400.0,260.12,255.98,256.87,256.425,24109849.0,1.0,0.0,MSFT,XNAS,2023-03-06
238.91,242.48,234.87,235.54,43695300.0,242.48,234.87,235.54,238.91,43742923.0,1.0,0.0,NVDA,XNAS,2023-03-06
198.54,198.6,192.3,193.81,128100106.0,198.6,192.3,193.81,198.54,128100106.0,1.0,0.0,TSLA,XNAS,2023-03-06
148.04,151.11,147.33,151.03,70668500.0,151.11,147.33,151.03,148.045,70732297.0,1.0,0.0,AAPL,XNAS,2023-03-03
252.19,255.62,251.39,255.29,30741300.0,255.62,251.39,255.29,252.19,30760136.0,1.0,0.0,MSFT,XNAS,2023-03-03
233.2,239.0,231.3,238.9,41168400.0,239.0,231.3,238.9,233.2,41239330.0,1.0,0.0,NVDA,XNAS,2023-03-03
194.795,200.48,192.88,197.79,154193277.0,200.48,192.88,197.79,194.795,154193277.0,1.0,0.0,TSLA,XNAS,2023-03-03
144.38,146.71,143.9,145.91,52279761.0,146.71,143.9,145.91,144.38,52279761.0,1.0,0.0,AAPL,XNAS,2023-03-02
246.55,251.4,245.61,251.11,24808200.0,251.4,245.61,251.11,246.55,24833646.0,1.0,0.0,MSFT,XNAS,2023-03-02
224.88,233.8,224.32,233.14,38941500.0,233.804,224.32,233.14,224.88,39007465.0,1.0,0.0,NVDA,XNAS,2023-03-02
186.74,193.7499,186.01,190.9,181979154.0,193.7499,186.01,190.9,186.74,181979154.0,1.0,0.0,TSLA,XNAS,2023-03-02
146.83,147.2285,145.01,145.31,55478991.0,147.2285,145.01,145.31,146.83,55478991.0,1.0,0.0,AAPL,XNAS,2023-03-01
250.76,250.93,245.79,246.27,27501900.0,250.93,245.79,246.27,250.76,27565259.0,1.0,0.0,MSFT,XNAS,2023-03-01
231.92,232.56,225.08,226.98,45911000.0,232.5557,225.08,226.98,231.92,46002562.0,1.0,0.0,NVDA,XNAS,2023-03-01
206.21,207.2,198.52,202.77,156852790.0,207.2,198.52,202.77,206.21,156852790.0,1.0,0.0,TSLA,XNAS,2023-03-01
147.05,149.075,146.87,147.41,50145937.0,149.08,146.83,147.41,147.05,50546998.0,1.0,0.0,AAPL,XNAS,2023-02-28
249.07,251.49,248.73,249.42,22467600.0,251.49,248.73,249.42,249.07,22490950.0,1.0,0.0,MSFT,XNAS,2023-02-28
233.72,238.25,232.06,232.16,45377500.0,238.25,232.06,232.16,233.72,45596280.0,1.0,0.0,NVDA,XNAS,2023-02-28
210.59,211.23,203.75,205.71,153144912.0,211.23,203.75,205.71,210.59,153144912.0,1.0,0.0,TSLA,XNAS,2023-02-28
147.71,149.17,147.45,147.92,44950000.0,149.17,147.45,147.92,147.71,44998470.0,1.0,0.0,AAPL,XNAS,2023-02-27
252.46,252.79,249.39,250.16,21164969.0,252.82,249.39,250.16,252.46,21190042.0,1.0,0.0,MSFT,XNAS,2023-02-27
236.7,238.8,234.54,235.01,45253300.0,238.7994,234.54,235.01,236.7,45299367.0,1.0,0.0,NVDA,XNAS,2023-02-27
202.03,209.42,201.26,207.63,161028315.0,209.42,201.26,207.63,202.03,161028315.0,1.0,0.0,TSLA,XNAS,2023-02-27
147.11,147.19,145.72,146.71,55418200.0,147.19,145.7202,146.71,147.11,55469606.0,1.0,0.0,AAPL,XNAS,2023-02-24
249.96,251.0,248.1,249.22,24978700.0,251.0,248.1,249.22,249.96,24990905.0,1.0,0.0,MSFT,XNAS,2023-02-24
232.25,234.74,229.47,232.86,58918100.0,234.74,229.47,232.86,232.25,58971591.0,1.0,0.0,NVDA,XNAS,2023-02-24
196.325,197.6695,192.8,196.88,142228105.0,197.6695,192.8,196.88,196.325,142228105.0,1.0,0.0,TSLA,XNAS,2023-02-24
150.09,150.34,147.24,149.4,48349600.0,150.34,147.24,149.4,150.09,48394249.0,1.0,0.0,AAPL,XNAS,2023-02-23
255.56,256.84,250.48,254.77,29187700.0,256.84,250.48,254.77,255.56,29219095.0,1.0,0.0,MSFT,XNAS,2023-02-23
234.4,238.88,230.25,236.64,111672600.0,238.88,230.25,236.64,234.4,111799541.0,1.0,0.0,NVDA,XNAS,2023-02-23
203.91,205.14,196.33,202.07,146359950.0,205.14,196.33,202.07,203.91,146359950.0,1.0,0.0,TSLA,XNAS,2023-02-23
148.87,149.95,147.16,148.91,50939700.0,149.95,147.16,148.91,148.87,51011305.0,1.0,0.0,AAPL,XNAS,2023-02-22
254.09,254.34,250.34,251.51,22447500.0,254.34,250.34,251.51,254.09,22491056.0,1.0,0.0,MSFT,XNAS,2023-02-22
207.07,211.04,204.21,207.54,50394800.0,211.04,204.21,207.54,207.07,51318432.0,1.0,0.0,NVDA,XNAS,2023-02-22
197.93,201.99,191.78,200.86,191828457.0,201.99,191.78,200.86,197.93,191828457.0,1.0,0.0,TSLA,XNAS,2023-02-22
150.2,151.3,148.41,148.48,58772400.0,151.3,148.405,148.48,150.2,58867230.0,1.0,0.0,AAPL,XNAS,2023-02-21
254.48,255.49,251.59,252.67,28371400.0,255.49,251.59,252.67,254.48,28397444.0,1.0,0.0,MSFT,XNAS,2023-02-21
210.0,214.94,206.18,206.55,40905300.0,214.938,206.18,206.55,210.0,41001455.0,1.0,0.0,NVDA,XNAS,2023-02-21
204.99,209.71,197.22,197.37,180018588.0,209.71,197.22,197.37,204.99,180018588.0,1.0,0.0,TSLA,XNAS,2023-02-21
152.35,153.0,150.85,152.55,59144118.0,153.0,150.85,152.55,152.35,59144118.0,1.0,0.0,AAPL,XNAS,2023-02-17
259.39,260.09,256.0,258.06,30000055.0,260.09,256.0,258.06,259.39,30000055.0,1.0,0.0,MSFT,XNAS,2023-02-17
216.31,217.4,209.75,213.88,46588764.0,217.4,209.75,213.88,216.31,46588764.0,1.0,0.0,NVDA,XNAS,2023-02-17
199.985,208.44,197.5,208.31,213738549.0,208.44,197.5,208.31,199.985,213738549.0,1.0,0.0,TSLA,XNAS,2023-02-17
153.51,156.33,153.35,153.71,68031000.0,156.33,153.3475,153.71,153.51,68167942.0,1.0,0.0,AAPL,XNAS,2023-02-16
264.02,266.74,261.9,262.15,29603619.0,266.74,261.9,262.15,264.02,29603616.0,1.0,0.0,MSFT,XNAS,2023-02-16
221.33,225.5,219.27,220.02,41070600.0,225.5,219.268,220.02,221.33,41202628.0,1.0,0.0,NVDA,XNAS,2023-02-16
210.78,217.65,201.84,202.04,229586538.0,217.65,201.84,202.04,210.78,229586538.0,1.0,0.0,TSLA,XNAS,2023-02-16
153.11,155.5,152.88,155.33,65573800.0,155.5,152.88,155.33,153.11,65669252.0,1.0,0.0,AAPL,XNAS,2023-02-15
268.32,270.73,266.18,269.32,28962160.0,270.73,266.18,269.32,268.32,28962163.0,1.0,0.68,MSFT,XNAS,2023-02-15
225.49,228.55,221.06,227.64,42057500.0,228.55,221.06,227.64,225.49,42118826.0,1.0,0.0,NVDA,XNAS,2023-02-15
211.755,214.66,206.11,214.24,182108581.0,214.66,206.11,214.24,211.755,182108581.0,1.0,0.0,TSLA,XNAS,2023-02-15
152.12,153.77,150.87,153.2,61707573.0,153.77,150.86,153.2,152.12,61707573.0,1.0,0.0,AAPL,XNAS,2023-02-14
272.67,274.97,269.28,272.17,36998800.0,274.97,269.28,272.17,272.67,37047924.0,1.0,0.0,MSFT,XNAS,2023-02-14
215.78,230.488,213.66,229.71,67547350.0,230.488,213.66,229.71,215.78,67547350.0,1.0,0.0,NVDA,XNAS,2023-02-14
191.94,209.82,189.44,209.25,216455708.0,209.82,189.44,209.25,191.94,216455708.0,1.0,0.0,TSLA,XNAS,2023-02-14
150.952,154.26,150.92,153.85,62199013.0,154.26,150.92,153.85,150.952,62199013.0,1.0,0.0,AAPL,XNAS,2023-02-13
267.64,274.6,267.15,271.32,44581900.0,274.6,267.15,271.32,267.64,44630921.0,1.0,0.0,MSFT,XNAS,2023-02-13
215.38,220.48,209.62,217.88,47415900.0,220.48,209.62,217.88,215.38,47491862.0,1.0,0.0,NVDA,XNAS,2023-02-13
194.415,196.3,187.61,194.64,172475452.0,196.3,187.61,194.64,194.415,172475452.0,1.0,0.0,TSLA,XNAS,2023-02-13
149.46,151.34,149.22,151.01,57409100.0,151.3401,149.22,151.01,149.46,57450708.0,1.0,0.23,AAPL,XNAS,2023-02-10
261.53,264.09,260.66,263.1,25760900.0,264.09,260.662,263.1,261.53,25818489.0,1.0,0.0,MSFT,XNAS,2023-02-10
216.9,220.78,208.11,212.65,55031100.0,220.7764,208.11,212.65,216.9,55073675.0,1.0,0.0,NVDA,XNAS,2023-02-10
202.225,206.2,192.89,196.89,204754129.0,206.2,192.89,196.89,202.225,204754129.0,1.0,0.0,TSLA,XNAS,2023-02-10
153.78,154.33,150.42,150.87,55921800.0,154.33,150.42,150.64,153.775,56007143.0,1.0,0.0,AAPL,XNAS,2023-02-09
273.8,273.98,262.8,263.62,42375102.0,273.98,262.8,263.62,273.8,42375102.0,1.0,0.0,MSFT,XNAS,2023-02-09
226.06,230.2,221.2,223.37,52287400.0,230.2,221.2,223.37,226.06,52387578.0,1.0,0.0,NVDA,XNAS,2023-02-09
207.775,214.0,204.77,207.32,215431442.0,214.0,204.77,207.32,207.775,215431442.0,1.0,0.0,TSLA,XNAS,2023-02-09
153.88,154.58,151.17,151.92,64038100.0,154.58,151.168,151.92,153.88,64120079.0,1.0,0.0,AAPL,XNAS,2023-02-08
273.2,276.76,266.21,266.73,54686049.0,276.76,266.21,266.73,273.2,54686049.0,1.0,0.0,MSFT,XNAS,2023-02-08
223.87,228.78,220.08,222.05,55895500.0,228.78,220.0801,222.05,223.87,55965122.0,1.0,0.0,NVDA,XNAS,2023-02-08
196.1,203.0,194.31,201.29,180673644.0,203.0,194.31,201.29,196.1,180673644.0,1.0,0.0,TSLA,XNAS,2023-02-08
150.64,155.23,150.64,154.65,83206400.0,155.23,150.64,154.65,150.64,83322551.0,1.0,0.0,AAPL,XNAS,2023-02-07
260.53,268.775,260.08,267.56,50841365.0,268.775,260.08,267.56,260.53,50841365.0,1.0,0.0,MSFT,XNAS,2023-02-07
213.82,222.59,211.5,221.73,66265900.0,222.59,211.5,221.73,213.82,66414961.0,1.0,0.0,NVDA,XNAS,2023-02-07
196.43,197.5,189.55,196.81,186010325.0,197.5,189.55,196.81,196.43,186010325.0,1.0,0.0,TSLA,XNAS,2023-02-07
152.57,153.1,150.78,151.73,69769900.0,153.1,150.78,151.73,152.575,69858306.0,1.0,0.0,AAPL,XNAS,2023-02-06
257.44,258.3,254.78,256.77,22517997.0,258.3,254.78,256.77,257.44,22517997.0,1.0,0.0,MSFT,XNAS,2023-02-06
208.06,215.7,207.86,210.89,45162000.0,215.7,207.86,210.89,208.06,45219709.0,1.0,0.0,NVDA,XNAS,2023-02-06
193.01,198.17,189.92,194.76,186188131.0,198.17,189.92,194.76,193.01,186188131.0,1.0,0.0,TSLA,XNAS,2023-02-06
148.03,157.38,147.83,154.5,154279900.0,157.38,147.83,154.5,148.03,154357337.0,1.0,0.0,AAPL,XNAS,2023-02-03
259.54,264.2,257.1,258.35,29062300.0,264.2,257.1,258.35,259.542,29077256.0,1.0,0.0,MSFT,XNAS,2023-02-03
210.0,217.45,207.89,211.0,42892500.0,217.4499,207.89,211.0,210.0,42936595.0,1.0,0.0,NVDA,XNAS,2023-02-03
183.95,199.0,183.69,189.98,232662023.0,199.0,183.69,189.98,183.95,232662023.0,1.0,0.0,TSLA,XNAS,2023-02-03
148.9,151.18,148.17,150.82,116868600.0,151.18,148.17,150.82,148.9,118338980.0,1.0,0.0,AAPL,XNAS,2023-02-02
258.82,264.69,257.25,264.6,39940437.0,264.69,257.25,264.6,258.82,39940437.0,1.0,0.0,MSFT,XNAS,2023-02-02
210.0,219.49,207.0,217.09,56427580.0,219.49,207.0,217.09,210.0,56427580.0,1.0,0.0,NVDA,XNAS,2023-02-02
187.325,196.7501,182.61,188.27,217448287.0,196.7501,182.61,188.27,187.325,217448287.0,1.0,0.0,TSLA,XNAS,2023-02-02
143.97,146.61,141.32,145.43,77310900.0,146.61,141.32,145.43,143.97,77663633.0,1.0,0.0,AAPL,XNAS,2023-02-01
248.0,255.18,245.47,252.75,31259910.0,255.18,245.47,252.75,248.0,31259912.0,1.0,0.0,MSFT,XNAS,2023-02-01
196.91,211.92,196.11,209.43,65875700.0,211.92,196.11,209.43,196.91,66047704.0,1.0,0.0,NVDA,XNAS,2023-02-01
173.89,183.805,169.93,181.41,213806323.0,183.805,169.93,181.41,173.89,213806323.0,1.0,0.0,TSLA,XNAS,2023-02-01
142.7,144.34,142.28,144.29,60339047.0,144.34,142.28,144.29,142.7,65874459.0,1.0,0.0,AAPL,XNAS,2023-01-31
243.45,247.95,242.945,247.81,26541072.0,247.95,242.945,247.81,243.45,26541072.0,1.0,0.0,MSFT,XNAS,2023-01-31
191.695,196.87,189.5,195.37,49801658.0,196.87,189.5,195.37,191.695,49801658.0,1.0,0.0,NVDA,XNAS,2023-01-31
164.57,174.3,162.78,173.22,196813541.0,174.3,162.78,173.22,164.57,196813541.0,1.0,0.0,TSLA,XNAS,2023-01-31
144.96,145.55,142.85,143.0,63947600.0,145.55,142.85,143.0,144.955,64015274.0,1.0,0.0,AAPL,XNAS,2023-01-30
244.51,245.6,242.2,242.71,25867365.0,245.6,242.2,242.71,244.51,25867365.0,1.0,0.0,MSFT,XNAS,2023-01-30
199.5,201.4,191.5,191.62,48793400.0,201.4,191.5,191.62,199.5,48861115.0,1.0,0.0,NVDA,XNAS,2023-01-30
178.05,179.77,166.5,166.66,230878807.0,179.77,166.5,166.66,178.05,230878807.0,1.0,0.0,TSLA,XNAS,2023-01-30
143.16,147.23,143.08,145.93,70492800.0,147.23,143.08,145.93,143.155,70555843.0,1.0,0.0,AAPL,XNAS,2023-01-27
248.99,249.83,246.83,248.16,26480800.0,249.83,246.83,248.16,248.99,26498939.0,1.0,0.0,MSFT,XNAS,2023-01-27
194.62,206.28,194.05,203.65,54163300.0,206.28,194.05,203.65,194.62,54214198.0,1.0,0.0,NVDA,XNAS,2023-01-27
162.43,180.68,161.17,177.9,306590613.0,180.68,161.17,177.9,162.43,306590613.0,1.0,0.0,TSLA,XNAS,2023-01-27
143.17,144.25,141.9,143.96,54003800.0,144.25,141.9,143.96,143.17,54105068.0,1.0,0.0,AAPL,XNAS,2023-01-26
243.65,248.31,242.0,248.0,33454488.0,248.31,242.0,248.0,243.65,33454491.0,1.0,0.0,MSFT,XNAS,2023-01-26
197.01,201.66,192.78,198.02,48861100.0,201.66,192.78,198.02,197.01,48953542.0,1.0,0.0,NVDA,XNAS,2023-01-26
159.965,161.42,154.76,160.27,234815090.0,161.42,154.76,160.27,159.965,234815090.0,1.0,0.0,TSLA,XNAS,2023-01-26
140.89,142.43,138.81,141.86,65652500.0,142.43,138.81,141.86,140.89,65799349.0,1.0,0.0,AAPL,XNAS,2023-01-25
234.48,243.3,230.9,240.61,66526641.0,243.3,230.9,240.61,234.48,66526641.0,1.0,0.0,MSFT,XNAS,2023-01-25
189.13,193.7,185.8,193.23,44830900.0,193.7,185.8,193.23,189.125,44953711.0,1.0,0.0,NVDA,XNAS,2023-01-25
141.905,146.41,138.07,144.43,192734347.0,146.41,138.07,144.43,141.905,192734347.0,1.0,0.0,TSLA,XNAS,2023-01-25
140.31,143.16,140.3,142.53,66081800.0,143.16,140.3,142.53,140.305,66435142.0,1.0,0.0,AAPL,XNAS,2023-01-24
242.5,243.95,240.44,242.04,40234441.0,243.95,240.44,242.04,242.5,40234444.0,1.0,0.0,MSFT,XNAS,2023-01-24
188.27,194.95,188.2,192.65,49620410.0,194.95,188.2,192.65,188.27,49620410.0,1.0,0.0,NVDA,XNAS,2023-01-24
143.0,146.5,141.1,143.89,158699056.0,146.5,141.1,143.89,143.0,158699056.0,1.0,0.0,TSLA,XNAS,2023-01-24
138.12,143.32,137.9,141.11,81698400.0,143.315,137.9,141.11,138.12,81760313.0,1.0,0.0,AAPL,XNAS,2023-01-23
241.1,245.165,239.65,242.58,31933949.0,245.165,239.65,242.58,241.1,31933951.0,1.0,0.0,MSFT,XNAS,2023-01-23
180.64,192.45,178.18,191.93,65436600.0,192.45,178.175,191.93,180.64,65516259.0,1.0,0.0,NVDA,XNAS,2023-01-23
135.87,145.3793,134.27,143.75,203119211.0,145.3793,134.27,143.75,135.87,203119211.0,1.0,0.0,TSLA,XNAS,2023-01-23
135.28,138.02,134.22,137.87,79972200.0,138.02,134.22,137.87,135.28,80223626.0,1.0,0.0,AAPL,XNAS,2023-01-20
234.86,240.74,234.51,240.22,35323400.0,240.74,234.51,240.22,234.855,35389809.0,1.0,0.0,MSFT,XNAS,2023-01-20
170.11,178.56,168.25,178.39,56401600.0,178.56,168.25,178.39,170.11,56496712.0,1.0,0.0,NVDA,XNAS,2023-01-20
128.68,133.51,127.3466,133.42,138858136.0,133.51,127.3466,133.42,128.68,138858136.0,1.0,0.0,TSLA,XNAS,2023-01-20
134.08,136.25,133.77,135.27,58169700.0,136.25,133.77,135.27,134.08,58280413.0,1.0,0.0,AAPL,XNAS,2023-01-19
233.78,235.52,230.68,231.93,28623029.0,235.52,230.68,231.93,233.78,28623033.0,1.0,0.0,MSFT,XNAS,2023-01-19
170.36,171.97,167.31,167.65,45250100.0,171.97,167.31,167.65,170.36,45293160.0,1.0,0.0,NVDA,XNAS,2023-01-19
127.26,129.99,124.3082,127.17,170291880.0,129.99,124.3082,127.17,127.26,170291880.0,1.0,0.0,TSLA,XNAS,2023-01-19
136.82,138.61,135.03,135.21,69567000.0,138.61,135.03,135.21,136.815,69672800.0,1.0,0.0,AAPL,XNAS,2023-01-18
241.565,242.38,235.52,235.81,30028689.0,242.38,235.52,235.81,241.565,30028692.0,1.0,0.0,MSFT,XNAS,2023-01-18
176.67,178.73,172.82,173.77,43962355.0,178.73,172.82,173.77,176.67,43962355.0,1.0,0.0,NVDA,XNAS,2023-01-18
136.555,136.68,127.01,128.78,195680318.0,136.68,127.01,128.78,136.555,195680318.0,1.0,0.0,TSLA,XNAS,2023-01-18
134.83,137.29,134.13,135.94,63502900.0,137.29,134.13,135.94,134.83,63646627.0,1.0,0.0,AAPL,XNAS,2023-01-17
237.97,240.91,237.09,240.35,29831260.0,240.91,237.09,240.35,237.97,29831257.0,1.0,0.0,MSFT,XNAS,2023-01-17
168.99,177.28,168.99,177.02,51019900.0,177.28,168.99,177.02,168.99,51110216.0,1.0,0.0,NVDA,XNAS,2023-01-17
125.695,131.7,125.02,131.49,186476985.0,131.7,125.02,131.49,125.695,186476985.0,1.0,0.0,TSLA,XNAS,2023-01-17
132.03,134.92,131.66,134.76,57809719.0,134.92,131.66,134.76,132.03,57809719.0,1.0,0.0,AAPL,XNAS,2023-01-13
237.002,239.37,234.92,239.23,21333265.0,239.37,234.92,239.23,237.002,21333265.0,1.0,0.0,MSFT,XNAS,2023-01-13
162.78,169.22,161.65,168.99,44728706.0,169.22,161.65,168.99,162.78,44728706.0,1.0,0.0,NVDA,XNAS,2023-01-13
116.55,122.63,115.6,122.4,180714119.0,122.63,115.6,122.4,116.55,180714119.0,1.0,0.0,TSLA,XNAS,2023-01-13
133.88,134.26,131.44,133.41,71326100.0,134.26,131.44,133.41,133.88,71379648.0,1.0,0.0,AAPL,XNAS,2023-01-12
235.26,239.9,233.56,238.51,27269490.0,239.9,233.56,238.51,235.26,27269486.0,1.0,0.0,MSFT,XNAS,2023-01-12
161.0,166.36,154.92,165.11,55009010.0,166.37,154.92,165.11,161.0,55140906.0,1.0,0.0,NVDA,XNAS,2023-01-12
122.56,124.1311,117.0,123.56,169400913.0,124.1311,117.0,123.56,122.56,169400913.0,1.0,0.0,TSLA,XNAS,2023-01-12
131.25,133.51,130.46,133.49,69359700.0,133.51,130.46,133.49,131.25,69458949.0,1.0,0.0,AAPL,XNAS,2023-01-11
231.29,235.95,231.11,235.77,28669331.0,235.95,231.11,235.77,231.29,28669331.0,1.0,0.0,MSFT,XNAS,2023-01-11
158.395,160.18,155.64,160.01,35266432.0,160.28,155.63,160.01,158.3951,35328493.0,1.0,0.0,NVDA,XNAS,2023-01-11
122.09,125.95,120.51,123.22,183810771.0,125.95,120.51,123.22,122.09,183810771.0,1.0,0.0,TSLA,XNAS,2023-01-11
130.26,131.26,128.12,130.73,63803400.0,131.2636,128.12,130.73,130.26,63896155.0,1.0,0.0,AAPL,XNAS,2023-01-10
227.755,231.31,227.33,228.85,27033881.0,231.31,227.33,228.85,227.755,27033881.0,1.0,0.0,MSFT,XNAS,2023-01-10
155.07,159.62,154.72,159.09,38352000.0,159.6199,154.72,159.09,155.07,38410126.0,1.0,0.0,NVDA,XNAS,2023-01-10
121.07,122.76,114.92,118.85,167642485.0,122.76,114.92,118.85,121.07,167642485.0,1.0,0.0,TSLA,XNAS,2023-01-10
130.47,133.41,129.89,130.15,70675200.0,133.41,129.89,130.15,130.465,70790813.0,1.0,0.0,AAPL,XNAS,2023-01-09
226.45,231.2366,226.41,227.12,27369779.0,231.2366,226.41,227.12,226.45,27369784.0,1.0,0.0,MSFT,XNAS,2023-01-09
152.84,160.56,151.41,156.28,50385300.0,160.56,151.41,156.28,152.84,50423056.0,1.0,0.0,NVDA,XNAS,2023-01-09
118.96,123.52,117.11,119.77,190283951.0,123.52,117.11,119.77,118.96,190283951.0,1.0,0.0,TSLA,XNAS,2023-01-09
126.01,130.29,124.89,129.62,87686600.0,130.29,124.89,129.62,126.01,87754715.0,1.0,0.0,AAPL,XNAS,2023-01-06
223.0,225.76,219.35,224.93,43597700.0,225.7601,219.35,224.93,223.0,43613574.0,1.0,0.0,MSFT,XNAS,2023-01-06
144.74,150.1,140.34,148.59,40482300.0,150.1,140.34,148.59,144.74,40504362.0,1.0,0.0,NVDA,XNAS,2023-01-06
103.0,114.39,101.81,113.06,220911051.0,114.39,101.81,113.06,103.0,220911051.0,1.0,0.0,TSLA,XNAS,2023-01-06
127.13,127.77,124.76,125.02,80829600.0,127.77,124.76,125.02,127.13,80962708.0,1.0,0.0,AAPL,XNAS,2023-01-05
227.2,227.55,221.7602,222.31,39585623.0,227.55,221.7602,222.31,227.2,39585623.0,1.0,0.0,MSFT,XNAS,2023-01-05
144.91,145.64,141.4795,142.65,38659659.0,145.64,141.4795,142.65,144.91,38916811.0,1.0,0.0,NVDA,XNAS,2023-01-05
110.51,111.75,107.1601,110.34,157986324.0,111.75,107.1601,110.34,110.51,157986324.0,1.0,0.0,TSLA,XNAS,2023-01-05
126.89,128.66,125.08,126.36,88886500.0,128.6557,125.08,126.36,126.89,89113633.0,1.0,0.0,AAPL,XNAS,2023-01-04
232.275,232.87,225.96,229.1,50623394.0,232.87,225.96,229.1,232.275,50623394.0,1.0,0.0,MSFT,XNAS,2023-01-04
145.67,148.53,142.41,147.49,43132360.0,148.53,142.41,147.49,145.67,43132360.0,1.0,0.0,NVDA,XNAS,2023-01-04
109.11,114.59,107.52,113.64,180388976.0,114.59,107.52,113.64,109.11,180388976.0,1.0,0.0,TSLA,XNAS,2023-01-04
130.28,130.9,124.17,125.07,111975500.0,130.9,124.17,125.07,130.28,112117471.0,1.0,0.0,AAPL,XNAS,2023-01-03
243.08,245.75,237.4,239.58,25740036.0,245.75,237.4,239.58,243.08,25740036.0,1.0,0.0,MSFT,XNAS,2023-01-03
148.51,149.96,140.96,143.15,39587941.0,149.96,140.96,143.15,148.51,40127658.0,1.0,0.0,NVDA,XNAS,2023-01-03
118.47,118.8,104.64,108.1,231402818.0,118.8,104.64,108.1,118.47,231402818.0,1.0,0.0,TSLA,XNAS,2023-01-03
128.41,129.95,127.43,129.93,77034209.0,129.95,127.43,129.93,128.41,77034209.0,1.0,0.0,AAPL,XNAS,2022-12-30
238.21,239.96,236.66,239.82,21938472.0,239.96,236.66,239.82,238.21,21938472.0,1.0,0.0,MSFT,XNAS,2022-12-30
143.34,146.2899,142.33,146.14,31048983.0,146.2899,142.33,146.14,143.34,31048983.0,1.0,0.0,NVDA,XNAS,2022-12-30
119.95,124.48,119.75,123.18,157777339.0,124.48,119.75,123.18,119.95,157777339.0,1.0,0.0,TSLA,XNAS,2022-12-30
127.99,130.48,127.73,129.61,75624700.0,130.4814,127.73,129.61,127.99,75703710.0,1.0,0.0,AAPL,XNAS,2022-12-29
235.65,241.92,235.65,241.01,19770693.0,241.92,235.65,241.01,235.65,19770693.0,1.0,0.0,MSFT,XNAS,2022-12-29
144.02,146.83,142.27,146.03,35428909.0,146.83,142.27,146.03,144.02,35492324.0,1.0,0.0,NVDA,XNAS,2022-12-29
120.385,123.57,117.495,121.82,221923313.0,123.57,117.495,121.82,120.385,221923313.0,1.0,0.0,TSLA,XNAS,2022-12-29
129.67,131.03,125.87,126.04,85323900.0,131.0275,125.87,126.04,129.67,85438391.0,1.0,0.0,AAPL,XNAS,2022-12-28
236.89,239.72,234.17,234.53,17457104.0,239.72,234.17,234.53,236.89,17457104.0,1.0,0.0,MSFT,XNAS,2022-12-28
139.27,142.61,138.84,140.36,35106645.0,142.62,138.84,140.36,139.27,35106645.0,1.0,0.0,NVDA,XNAS,2022-12-28
110.35,116.27,108.24,112.71,221070537.0,116.27,108.24,112.71,110.35,221070537.0,1.0,0.0,TSLA,XNAS,2022-12-28
131.38,131.41,128.72,130.03,68927300.0,131.41,128.72,130.03,131.38,69007830.0,1.0,0.0,AAPL,XNAS,2022-12-27
238.7,238.93,235.83,236.96,16688650.0,238.93,235.83,236.96,238.7,16688648.0,1.0,0.0,MSFT,XNAS,2022-12-27
150.74,151.0,140.5606,141.21,46490226.0,151.0,140.56,141.21,150.74,46490226.0,1.0,0.0,NVDA,XNAS,2022-12-27
117.495,119.67,108.76,109.1,208643444.0,119.67,108.76,109.1,117.495,208643444.0,1.0,0.0,TSLA,XNAS,2022-12-27
130.92,132.415,129.64,131.86,63814893.0,132.415,129.64,131.86,130.92,63814893.0,1.0,0.17,AAPL,XNAS,2022-12-23
236.11,238.87,233.9428,238.73,21206982.0,238.87,233.9428,238.73,236.11,21206982.0,1.0,0.0,MSFT,XNAS,2022-12-23
151.96,153.39,148.83,152.06,34932563.0,153.39,148.83,152.06,151.96,34932563.0,1.0,0.0,NVDA,XNAS,2022-12-23
126.37,128.6173,121.02,123.15,166989688.0,128.6173,121.02,123.15,126.37,166989688.0,1.0,0.0,TSLA,XNAS,2022-12-23
134.352,134.56,130.3,132.23,77852108.0,134.56,130.3,132.23,134.352,77852108.0,1.0,0.0,AAPL,XNAS,2022-12-22
241.255,241.99,233.87,238.19,28651664.0,241.99,233.87,238.19,241.255,28651664.0,1.0,0.0,MSFT,XNAS,2022-12-22
160.935,161.0,148.83,153.39,56504527.0,161.38,148.82,153.39,160.935,56504527.0,1.0,0.0,NVDA,XNAS,2022-12-22
136.0,136.63,122.26,125.35,210090250.0,136.63,122.26,125.35,136.0,210090250.0,1.0,0.0,TSLA,XNAS,2022-12-22
132.98,136.81,132.75,135.45,85927993.0,136.81,132.75,135.45,132.98,85927993.0,1.0,0.0,AAPL,XNAS,2022-12-21
241.69,245.615,240.11,244.43,23690607.0,245.615,240.11,244.43,241.69,23690607.0,1.0,0.0,MSFT,XNAS,2022-12-21
161.14,166.27,161.02,165.01,32502538.0,166.27,161.02,165.01,161.14,32502538.0,1.0,0.0,NVDA,XNAS,2022-12-21
139.335,141.26,135.89,137.57,145417412.0,141.26,135.89,137.57,139.335,145417412.0,1.0,0.0,TSLA,XNAS,2022-12-21
131.39,133.25,129.89,132.3,77432819.0,133.25,129.89,132.3,131.39,77432819.0,1.0,0.0,AAPL,XNAS,2022-12-20
239.4,242.91,238.42,241.8,25150802.0,242.91,238.42,241.8,239.4,25150802.0,1.0,0.0,MSFT,XNAS,2022-12-20
160.64,163.1,158.52,160.85,40217401.0,163.1,158.52,160.85,160.64,40325979.0,1.0,0.0,NVDA,XNAS,2022-12-20
146.05,148.47,137.66,137.8,159563267.0,148.47,137.66,137.8,146.05,159563267.0,1.0,0.0,TSLA,XNAS,2022-12-20
135.11,135.2,131.32,132.37,79592614.0,135.2,131.32,132.37,135.11,79592614.0,1.0,0.0,AAPL,XNAS,2022-12-19
244.86,245.21,238.71,240.45,29696436.0,245.21,238.71,240.45,244.86,29696436.0,1.0,0.0,MSFT,XNAS,2022-12-19
165.72,166.09,161.45,162.54,35370700.0,166.09,161.45,162.54,165.72,35403877.0,1.0,0.0,NVDA,XNAS,2022-12-19
154.0,155.25,145.82,149.87,139390634.0,155.25,145.82,149.87,154.0,139390634.0,1.0,0.0,TSLA,XNAS,2022-12-19
136.69,137.65,133.73,134.51,160080100.0,137.65,133.73,134.51,136.685,160156900.0,1.0,0.0,AAPL,XNAS,2022-12-16
248.55,249.84,243.51,244.69,86088100.0,249.84,243.51,244.69,248.55,86101994.0,1.0,0.0,MSFT,XNAS,2022-12-16
168.64,170.41,164.1,165.71,47791400.0,170.41,164.1,165.71,168.642,47823193.0,1.0,0.0,NVDA,XNAS,2022-12-16
159.635,160.99,150.04,150.23,139032175.0,160.99,150.04,150.23,159.635,139032175.0,1.0,0.0,TSLA,XNAS,2022-12-16
141.11,141.8,136.025,136.5,98931907.0,141.8,136.025,136.5,141.11,98931907.0,1.0,0.0,AAPL,XNAS,2022-12-15
253.72,254.2,247.34,249.01,35568093.0,254.2,247.34,249.01,253.72,35568093.0,1.0,0.0,MSFT,XNAS,2022-12-15
171.46,173.2,167.0,169.52,47854210.0,173.2,167.0,169.52,171.46,47854210.0,1.0,0.0,NVDA,XNAS,2022-12-15
153.44,160.9299,153.28,157.67,122334459.0,160.9299,153.28,157.67,153.44,122334459.0,1.0,0.0,TSLA,XNAS,2022-12-15
145.35,146.655,141.16,143.21,82291182.0,146.655,141.16,143.21,145.35,82291182.0,1.0,0.0,AAPL,XNAS,2022-12-14
257.13,262.588,254.31,257.22,35410933.0,262.588,254.31,257.22,257.13,35410933.0,1.0,0.0,MSFT,XNAS,2022-12-14
179.87,182.52,174.2132,176.74,49688810.0,182.52,174.2,176.74,179.87,49688810.0,1.0,0.0,NVDA,XNAS,2022-12-14
159.25,161.62,155.31,156.8,140682338.0,161.62,155.31,156.8,159.25,140682338.0,1.0,0.0,TSLA,XNAS,2022-12-14
149.5,149.9692,144.24,145.47,93886161.0,149.9692,144.24,145.47,149.5,93886161.0,1.0,0.0,AAPL,XNAS,2022-12-13
261.69,263.915,253.07,256.92,42196884.0,263.915,253.07,256.92,261.69,42196884.0,1.0,0.0,MSFT,XNAS,2022-12-13
185.31,187.9,177.11,180.72,65658876.0,187.9,177.11,180.72,185.31,65658876.0,1.0,0.0,NVDA,XNAS,2022-12-13
174.87,175.05,156.91,160.95,175862722.0,175.05,156.91,160.95,174.87,175862722.0,1.0,0.0,TSLA,XNAS,2022-12-13
142.7,144.5,141.06,144.49,70462654.0,144.5,141.06,144.49,142.7,70462654.0,1.0,0.0,AAPL,XNAS,2022-12-12
247.445,252.54,247.17,252.51,30665069.0,252.54,247.17,252.51,247.445,30665069.0,1.0,0.0,MSFT,XNAS,2022-12-12
170.37,175.36,167.97,175.35,45732780.0,175.38,167.97,175.35,170.37,45732780.0,1.0,0.0,NVDA,XNAS,2022-12-12
176.1,177.37,167.52,167.82,109794471.0,177.37,167.52,167.82,176.1,109794471.0,1.0,0.0,TSLA,XNAS,2022-12-12
142.34,145.57,140.9,142.16,76069500.0,145.57,140.9,142.16,142.34,76097011.0,1.0,0.0,AAPL,XNAS,2022-12-09
244.7,248.31,244.16,245.42,20607100.0,248.31,244.16,245.42,244.695,20609743.0,1.0,0.0,MSFT,XNAS,2022-12-09
171.6,175.83,169.75,170.01,46509500.0,175.83,169.75,170.01,171.6,46533819.0,1.0,0.0,NVDA,XNAS,2022-12-09
173.84,182.5,173.36,179.05,104872336.0,182.5,173.36,179.05,173.84,104872336.0,1.0,0.0,TSLA,XNAS,2022-12-09
142.36,143.52,141.1,142.65,62128338.0,143.52,141.1,142.65,142.36,62128338.0,1.0,0.0,AAPL,XNAS,2022-12-08
244.84,248.74,243.06,247.4,22611757.0,248.74,243.06,247.4,244.84,22611757.0,1.0,0.0,MSFT,XNAS,2022-12-08
162.73,171.79,159.59,171.69,50344385.0,171.79,159.59,171.69,162.73,51545554.0,1.0,0.0,NVDA,XNAS,2022-12-08
172.2,175.2,169.06,173.44,97624491.0,175.2,169.06,173.44,172.2,97624491.0,1.0,0.0,TSLA,XNAS,2022-12-08
142.19,143.37,140.0,140.94,69721094.0,143.37,140.0,140.94,142.19,69721094.0,1.0,0.0,AAPL,XNAS,2022-12-07
244.83,246.16,242.205,244.37,20481522.0,246.16,242.205,244.37,244.83,20481522.0,1.0,0.0,MSFT,XNAS,2022-12-07
157.72,161.86,156.7,161.2,37238758.0,161.86,156.67,161.2,157.72,37238758.0,1.0,0.0,NVDA,XNAS,2022-12-07
175.03,179.38,172.218,174.04,84213284.0,179.38,172.218,174.04,175.03,84213284.0,1.0,0.0,TSLA,XNAS,2022-12-07
147.075,147.3,141.92,142.91,64727186.0,147.3,141.92,142.91,147.075,64727186.0,1.0,0.0,AAPL,XNAS,2022-12-06
250.82,251.86,243.78,245.12,22463727.0,251.86,243.78,245.12,250.82,22463727.0,1.0,0.0,MSFT,XNAS,2022-12-06
165.3,165.72,158.19,159.87,35269427.0,165.73,158.19,159.87,165.3,35269427.0,1.0,0.0,NVDA,XNAS,2022-12-06
181.215,183.65,175.33,179.82,92150823.0,183.65,175.33,179.82,181.215,92150823.0,1.0,0.0,TSLA,XNAS,2022-12-06
147.77,150.9199,145.77,146.63,68826442.0,150.9199,145.77,146.63,147.77,68826442.0,1.0,0.0,AAPL,XNAS,2022-12-05
252.01,253.819,248.06,250.2,23435294.0,253.819,248.06,250.2,252.01,23435294.0,1.0,0.0,MSFT,XNAS,2022-12-05
166.79,169.95,164.7201,166.1,34324177.0,169.95,164.7201,166.1,166.79,35225517.0,1.0,0.0,NVDA,XNAS,2022-12-05
189.44,191.27,180.55,182.45,93122667.0,191.27,180.55,182.45,189.44,93122667.0,1.0,0.0,TSLA,XNAS,2022-12-05
145.96,148.0,145.65,147.81,65421400.0,148.0,145.65,147.81,145.96,65447446.0,1.0,0.0,AAPL,XNAS,2022-12-02
249.82,256.06,249.69,255.02,21522800.0,256.06,249.69,255.02,249.82,21528520.0,1.0,0.0,MSFT,XNAS,2022-12-02
166.59,169.33,164.45,168.76,37119700.0,169.3257,164.45,168.76,166.59,37138858.0,1.0,0.0,NVDA,XNAS,2022-12-02
191.78,196.25,191.11,194.86,73645922.0,196.25,191.11,194.86,191.78,73645922.0,1.0,0.0,TSLA,XNAS,2022-12-02
148.21,149.13,146.61,148.31,71250414.0,149.13,146.61,148.31,148.21,71250416.0,1.0,0.0,AAPL,XNAS,2022-12-01
253.87,256.12,250.9156,254.69,26041524.0,256.12,250.9156,254.69,253.87,26041524.0,1.0,0.0,MSFT,XNAS,2022-12-01
169.99,172.65,166.35,171.35,47097657.0,172.65,166.35,171.35,169.99,47097657.0,1.0,0.0,NVDA,XNAS,2022-12-01
197.08,198.92,191.8,194.7,80046213.0,198.92,191.8,194.7,197.08,80046213.0,1.0,0.0,TSLA,XNAS,2022-12-01
141.395,148.72,140.55,148.03,111380898.0,148.72,140.55,148.03,141.395,111380880.0,1.0,0.0,AAPL,XNAS,2022-11-30
240.57,255.33,239.86,255.14,47594239.0,255.33,239.86,255.14,240.57,47594239.0,1.0,0.0,MSFT,XNAS,2022-11-30
156.97,169.3,155.97,169.23,56529820.0,169.3,155.97,169.23,156.97,56529822.0,1.0,0.04,NVDA,XNAS,2022-11-30
182.43,194.76,180.6301,194.7,109186404.0,194.76,180.6301,194.7,182.43,109186404.0,1.0,0.0,TSLA,XNAS,2022-11-30
144.29,144.81,140.355,141.17,83763797.0,144.81,140.355,141.17,144.29,83763803.0,1.0,0.0,AAPL,XNAS,2022-11-29
241.4,242.79,238.21,240.33,17956313.0,242.79,238.21,240.33,241.4,17956313.0,1.0,0.0,MSFT,XNAS,2022-11-29
158.27,159.32,155.2,156.39,29815300.0,159.32,155.2,156.39,158.27,29838449.0,1.0,0.0,NVDA,XNAS,2022-11-29
184.99,186.38,178.75,180.83,83357111.0,186.38,178.75,180.83,184.99,83357111.0,1.0,0.0,TSLA,XNAS,2022-11-29
145.14,146.64,143.38,144.22,69346523.0,146.64,143.38,144.22,145.14,69346522.0,1.0,0.0,AAPL,XNAS,2022-11-28
246.08,246.65,240.8,241.76,24810271.0,246.65,240.8,241.76,246.08,24810271.0,1.0,0.0,MSFT,XNAS,2022-11-28
160.26,163.57,157.25,158.27,30415201.0,163.57,157.25,158.27,160.26,30415201.0,1.0,0.0,NVDA,XNAS,2022-11-28
179.96,188.5,179.0,182.92,93038148.0,188.5,179.0,182.92,179.96,93038148.0,1.0,0.0,TSLA,XNAS,2022-11-28
148.31,148.88,147.12,148.11,35195900.0,148.88,147.12,148.11,148.305,35195860.0,1.0,0.0,AAPL,XNAS,2022-11-25
247.31,248.7,246.73,247.49,9200800.0,248.7,246.73,247.49,247.31,9200772.0,1.0,0.0,MSFT,XNAS,2022-11-25
163.18,164.87,161.72,162.7,16793400.0,164.87,161.72,162.7,163.18,16793430.0,1.0,0.0,NVDA,XNAS,2022-11-25
185.06,185.2,180.63,182.86,50672739.0,185.2,180.63,182.86,185.06,50672739.0,1.0,0.0,TSLA,XNAS,2022-11-25
149.45,151.83,149.34,151.07,58301395.0,151.83,149.34,151.07,149.45,58301395.0,1.0,0.0,AAPL,XNAS,2022-11-23
245.11,248.28,244.27,247.58,19489500.0,248.28,244.27,247.58,245.105,19508462.0,1.0,0.0,MSFT,XNAS,2022-11-23
160.98,165.27,160.48,165.19,42687500.0,165.27,160.4801,165.19,160.98,42724093.0,1.0,0.0,NVDA,XNAS,2022-11-23
173.57,183.62,172.5,183.2,109536709.0,183.62,172.5,183.2,173.57,109536709.0,1.0,0.0,TSLA,XNAS,2022-11-23
148.13,150.42,146.925,150.18,51804132.0,150.42,146.925,150.18,148.13,51804132.0,1.0,0.0,AAPL,XNAS,2022-11-22
243.59,245.31,240.71,245.03,19665699.0,245.31,240.71,245.03,243.59,19665699.0,1.0,0.0,MSFT,XNAS,2022-11-22
153.28,160.58,151.22,160.38,47202300.0,160.5757,151.216,160.38,153.28,47286607.0,1.0,0.0,NVDA,XNAS,2022-11-22
168.63,170.92,166.185,169.91,78452327.0,170.92,166.185,169.91,168.63,78452327.0,1.0,0.0,TSLA,XNAS,2022-11-22
150.16,150.37,147.715,148.01,58724070.0,150.37,147.715,148.01,150.16,58724070.0,1.0,0.0,AAPL,XNAS,2022-11-21
241.43,244.67,241.19,242.05,26394700.0,244.67,241.19,242.05,241.43,26394700.0,1.0,0.0,MSFT,XNAS,2022-11-21
151.47,154.77,150.8,153.17,40473931.0,154.77,150.8,153.17,151.47,40473931.0,1.0,0.0,NVDA,XNAS,2022-11-21
175.85,176.77,167.54,167.87,92882712.0,176.77,167.54,167.87,175.85,92882712.0,1.0,0.0,TSLA,XNAS,2022-11-21
152.31,152.7,149.97,151.29,74794600.0,152.7,149.97,151.29,152.305,74829573.0,1.0,0.0,AAPL,XNAS,2022-11-18
243.51,243.74,239.03,241.22,27591800.0,243.74,239.03,241.22,243.51,27613523.0,1.0,0.0,MSFT,XNAS,2022-11-18
159.66,160.02,151.2,154.09,49167700.0,160.02,151.2001,154.09,159.66,49207165.0,1.0,0.0,NVDA,XNAS,2022-11-18
185.05,185.19,176.55,180.19,76048866.0,185.19,176.55,180.19,185.05,76048866.0,1.0,0.0,TSLA,XNAS,2022-11-18
146.43,151.48,146.15,150.72,80389400.0,151.48,146.15,150.72,146.43,80389400.0,1.0,0.0,AAPL,XNAS,2022-11-17
237.78,243.25,237.63,241.68,23123544.0,243.25,237.63,241.68,237.78,23123544.0,1.0,0.0,MSFT,XNAS,2022-11-17
157.15,162.66,155.35,156.77,71089356.0,162.66,155.35,156.77,157.15,71089356.0,1.0,0.0,NVDA,XNAS,2022-11-17
183.96,186.16,180.9,183.17,64335970.0,186.16,180.9,183.17,183.96,64335970.0,1.0,0.0,TSLA,XNAS,2022-11-17
149.13,149.87,147.29,148.79,64218273.0,149.87,147.29,148.79,149.13,64218266.0,1.0,0.0,AAPL,XNAS,2022-11-16
242.79,243.8,240.42,241.73,24093272.0,243.8,240.42,241.73,242.79,24093272.0,1.0,0.68,MSFT,XNAS,2022-11-16
161.615,163.62,158.73,159.1,64954680.0,163.62,158.73,159.1,161.615,64954684.0,1.0,0.0,NVDA,XNAS,2022-11-16
191.51,192.57,185.66,186.92,66567599.0,192.57,185.66,186.92,191.51,66567599.0,1.0,0.0,TSLA,XNAS,2022-11-16
152.215,153.59,148.5613,150.04,89868328.0,153.59,148.5613,150.04,152.215,89868332.0,1.0,0.0,AAPL,XNAS,2022-11-15
245.66,247.0,240.03,241.2901,31390117.0,247.0,240.03,240.6101,245.66,31390117.0,1.0,0.0,MSFT,XNAS,2022-11-15
167.215,169.98,163.82,166.66,54587550.0,169.98,163.82,166.66,167.215,54587550.0,1.0,0.0,NVDA,XNAS,2022-11-15
195.88,200.8237,192.06,194.42,91293785.0,200.8237,192.06,194.42,195.88,91293785.0,1.0,0.0,TSLA,XNAS,2022-11-15
148.97,150.28,147.43,148.28,73374114.0,150.28,147.43,148.28,148.97,73374114.0,1.0,0.0,AAPL,XNAS,2022-11-14
241.985,243.91,239.21,241.55,31123340.0,243.91,239.21,241.55,241.985,31123340.0,1.0,0.0,MSFT,XNAS,2022-11-14
162.18,165.4,159.25,162.95,52785245.0,165.4,159.22,162.95,162.18,52785245.0,1.0,0.0,NVDA,XNAS,2022-11-14
192.77,195.73,186.34,190.95,92226649.0,195.73,186.34,190.95,192.77,92226649.0,1.0,0.0,TSLA,XNAS,2022-11-14
145.82,150.01,144.37,149.7,93903800.0,150.01,144.37,149.7,145.82,93979665.0,1.0,0.0,AAPL,XNAS,2022-11-11
242.99,247.99,241.93,247.11,34600900.0,247.99,241.93,247.11,242.99,34620246.0,1.0,0.0,MSFT,XNAS,2022-11-11
158.07,163.89,154.82,163.27,65503700.0,163.89,154.82,163.27,158.075,65548747.0,1.0,0.0,NVDA,XNAS,2022-11-11
186.0,196.52,182.59,195.97,114403575.0,196.52,182.59,195.97,186.0,114403575.0,1.0,0.0,TSLA,XNAS,2022-11-11
141.24,146.87,139.5,146.87,118854028.0,146.87,139.5,146.87,141.24,118854028.0,1.0,0.0,AAPL,XNAS,2022-11-10
235.43,243.33,235.0,242.98,46268021.0,243.33,235.0,242.98,235.43,46268021.0,1.0,0.0,MSFT,XNAS,2022-11-10
148.0,157.73,145.4701,157.5,70081925.0,157.73,145.47,157.5,148.0,70081925.0,1.0,0.0,NVDA,XNAS,2022-11-10
189.9,191.0,180.03,190.72,132703015.0,191.0,180.03,190.72,189.9,132703015.0,1.0,0.0,TSLA,XNAS,2022-11-10
138.5,138.55,134.5933,134.87,74917794.0,138.55,134.5933,134.87,138.5,74917794.0,1.0,0.0,AAPL,XNAS,2022-11-09
227.37,228.6327,224.33,224.51,27852910.0,228.6327,224.33,224.51,227.37,27852910.0,1.0,0.0,MSFT,XNAS,2022-11-09
141.615,142.11,137.5901,137.76,45441366.0,142.11,137.5901,137.76,141.615,45441366.0,1.0,0.0,NVDA,XNAS,2022-11-09
190.775,195.89,177.12,177.59,127062659.0,195.89,177.12,177.59,190.775,127062659.0,1.0,0.0,TSLA,XNAS,2022-11-09
140.41,141.43,137.49,139.5,89908477.0,141.43,137.49,139.5,140.41,89908477.0,1.0,0.0,AAPL,XNAS,2022-11-08
228.7,231.65,225.84,228.87,28192548.0,231.65,225.84,228.87,228.7,28192548.0,1.0,0.0,MSFT,XNAS,2022-11-08
148.01,148.9101,142.16,146.02,58925347.0,148.9101,142.16,146.02,148.01,59529199.0,1.0,0.0,NVDA,XNAS,2022-11-08
194.02,195.2,186.75,191.3,128803404.0,195.2,186.75,191.3,194.02,128803404.0,1.0,0.0,TSLA,XNAS,2022-11-08
137.11,139.145,135.671,138.92,83374628.0,139.145,135.671,138.92,137.11,83374628.0,1.0,0.0,AAPL,XNAS,2022-11-07
221.99,228.41,221.28,227.87,33497979.0,228.41,221.28,227.87,221.99,33497979.0,1.0,0.0,MSFT,XNAS,2022-11-07
142.28,144.12,139.54,143.01,40839062.0,144.12,139.54,143.01,142.28,41006095.0,1.0,0.0,NVDA,XNAS,2022-11-07
208.65,208.9,196.66,197.08,93916520.0,208.9,196.66,197.08,208.65,93916520.0,1.0,0.0,TSLA,XNAS,2022-11-07
142.09,142.67,134.38,138.38,140716700.0,142.67,134.38,138.38,142.09,140814796.0,1.0,0.23,AAPL,XNAS,2022-11-04
217.55,221.59,213.43,221.39,36767800.0,221.59,213.431,221.39,217.55,36789063.0,1.0,0.0,MSFT,XNAS,2022-11-04
139.86,142.29,136.97,141.56,61205400.0,142.29,136.97,141.56,139.86,61257591.0,1.0,0.0,NVDA,XNAS,2022-11-04
222.6,223.8,203.08,207.47,98622212.0,223.8,203.08,207.47,222.6,98622212.0,1.0,0.0,TSLA,XNAS,2022-11-04
142.06,142.8,138.75,138.88,97572100.0,142.8,138.75,138.65,142.06,97918516.0,1.0,0.0,AAPL,XNAS,2022-11-03
220.09,220.41,213.98,214.25,36633922.0,220.41,213.98,214.25,220.09,36633922.0,1.0,0.0,MSFT,XNAS,2022-11-03
130.43,137.81,129.56,134.21,50006486.0,137.81,129.56,134.21,130.43,50006486.0,1.0,0.0,NVDA,XNAS,2022-11-03
211.36,221.2,210.14,215.31,56538848.0,221.2,210.14,215.31,211.36,56538848.0,1.0,0.0,TSLA,XNAS,2022-11-03
148.95,152.17,145.0,145.03,93436100.0,152.17,145.0,145.03,148.945,93604623.0,1.0,0.0,AAPL,XNAS,2022-11-02
229.46,231.3,220.04,220.1,38407008.0,231.3,220.04,220.1,229.46,38407008.0,1.0,0.0,MSFT,XNAS,2022-11-02
138.5,142.1,132.1124,132.19,65910065.0,142.1,132.1124,132.19,138.5,67262784.0,1.0,0.0,NVDA,XNAS,2022-11-02
226.04,227.8699,214.82,214.98,63070293.0,227.8699,214.82,214.98,226.04,63070293.0,1.0,0.0,TSLA,XNAS,2022-11-02
155.08,155.45,149.13,150.65,80321400.0,155.45,149.13,150.65,155.08,80379345.0,1.0,0.0,AAPL,XNAS,2022-11-01
234.6,235.74,227.325,228.17,30592271.0,235.74,227.325,228.17,234.6,30592271.0,1.0,0.0,MSFT,XNAS,2022-11-01
138.11,139.25,135.19,135.43,43281690.0,139.25,135.19,135.43,138.11,43281690.0,1.0,0.0,NVDA,XNAS,2022-11-01
234.05,237.3951,227.28,227.82,62688822.0,237.3951,227.28,227.82,234.05,62688822.0,1.0,0.0,TSLA,XNAS,2022-11-01
153.16,154.24,151.92,153.34,97848900.0,154.24,151.92,153.34,153.155,97943171.0,1.0,0.0,AAPL,XNAS,2022-10-31
233.76,234.92,231.15,232.13,28357265.0,234.92,231.15,232.13,233.76,28357265.0,1.0,0.0,MSFT,XNAS,2022-10-31
137.78,138.38,132.98,134.97,48554346.0,138.38,132.97,134.97,137.78,48634099.0,1.0,0.0,NVDA,XNAS,2022-10-31
226.19,229.85,221.94,227.54,61554341.0,229.85,221.94,227.54,226.19,61554341.0,1.0,0.0,TSLA,XNAS,2022-10-31
148.2,157.5,147.82,155.74,164659100.0,157.5,147.82,155.74,148.2,164762371.0,1.0,0.0,AAPL,XNAS,2022-10-28
226.24,236.6,226.05,235.87,40614800.0,236.6,226.05,235.87,226.24,40647724.0,1.0,0.0,MSFT,XNAS,2022-10-28
131.04,138.5,130.61,138.34,52055500.0,138.5,130.61,138.34,131.04,52103993.0,1.0,0.0,NVDA,XNAS,2022-10-28
225.4,228.86,216.35,228.52,69152386.0,228.86,216.35,228.52,225.4,69152386.0,1.0,0.0,TSLA,XNAS,2022-10-28
148.07,149.05,144.13,144.8,108284100.0,149.046,144.13,144.8,148.07,109180150.0,1.0,0.0,AAPL,XNAS,2022-10-27
231.04,233.69,225.78,226.75,40424645.0,233.69,225.78,226.75,231.04,40424645.0,1.0,0.0,MSFT,XNAS,2022-10-27
136.3,138.38,131.22,131.76,58270600.0,138.38,131.22,131.76,136.3,58311308.0,1.0,0.0,NVDA,XNAS,2022-10-27
229.77,233.81,222.85,225.09,61638824.0,233.81,222.85,225.09,229.77,61638824.0,1.0,0.0,TSLA,XNAS,2022-10-27
150.96,151.99,148.04,149.35,88194300.0,151.99,148.04,149.35,150.96,88436172.0,1.0,0.0,AAPL,XNAS,2022-10-26
231.17,238.3,230.06,231.32,82684846.0,238.3,230.06,231.32,231.17,82684846.0,1.0,0.0,MSFT,XNAS,2022-10-26
128.69,133.88,127.08,128.96,53553329.0,133.88,127.08,128.96,128.69,53553329.0,1.0,0.0,NVDA,XNAS,2022-10-26
219.4,230.6,218.2,224.64,85327078.0,230.6,218.2,224.64,219.4,85327078.0,1.0,0.0,TSLA,XNAS,2022-10-26
150.09,152.49,149.36,152.34,74373600.0,152.49,149.36,152.34,150.09,74732290.0,1.0,0.0,AAPL,XNAS,2022-10-25
247.26,251.04,245.83,250.66,34775505.0,251.04,245.83,250.66,247.26,34775505.0,1.0,0.0,MSFT,XNAS,2022-10-25
126.94,133.0,126.64,132.61,50341900.0,133.0,126.64,132.61,126.935,50548233.0,1.0,0.0,NVDA,XNAS,2022-10-25
210.1,224.3498,210.0,222.415,96507870.0,224.3498,210.0,222.415,210.1,96507870.0,1.0,0.0,TSLA,XNAS,2022-10-25
147.19,150.23,146.0,149.45,75904300.0,150.23,146.0,149.45,147.185,75981918.0,1.0,0.0,AAPL,XNAS,2022-10-24
243.76,247.84,241.295,247.25,24911212.0,247.84,241.295,247.25,243.76,24911212.0,1.0,0.0,MSFT,XNAS,2022-10-24
125.08,127.1,120.65,125.99,51745740.0,127.1,120.64,125.99,125.08,51745740.0,1.0,0.0,NVDA,XNAS,2022-10-24
205.82,213.5,198.5863,211.25,100446765.0,213.5,198.5863,211.25,205.82,100446765.0,1.0,0.0,TSLA,XNAS,2022-10-24
142.87,147.85,142.65,147.27,86464700.0,147.8479,142.649,147.27,142.87,86548609.0,1.0,0.0,AAPL,XNAS,2022-10-21
234.74,243.0,234.5,242.12,26280900.0,243.0,234.5,242.12,234.74,26299733.0,1.0,0.0,MSFT,XNAS,2022-10-21
120.98,124.98,118.87,124.66,60893800.0,124.98,118.87,124.66,120.982,60949441.0,1.0,0.0,NVDA,XNAS,2022-10-21
206.415,214.66,203.8,214.44,75713754.0,214.66,203.8,214.44,206.415,75713754.0,1.0,0.0,TSLA,XNAS,2022-10-21
143.02,145.89,142.65,143.39,64406600.0,145.89,142.65,143.39,143.02,64521989.0,1.0,0.0,AAPL,XNAS,2022-10-20
235.77,241.31,234.87,236.15,21811015.0,241.31,234.87,236.15,235.77,21811015.0,1.0,0.0,MSFT,XNAS,2022-10-20
121.13,127.69,121.05,121.94,65001243.0,127.69,121.05,121.94,121.13,65239761.0,1.0,0.0,NVDA,XNAS,2022-10-20
208.28,215.55,202.0,207.28,117798062.0,215.55,202.0,207.28,208.28,117798062.0,1.0,0.0,TSLA,XNAS,2022-10-20
141.69,144.95,141.5,143.86,61655900.0,144.9492,141.5,143.86,141.69,61758340.0,1.0,0.0,AAPL,XNAS,2022-10-19
237.04,239.61,234.29,236.48,19985698.0,239.61,234.29,236.48,237.04,19985698.0,1.0,0.0,MSFT,XNAS,2022-10-19
118.79,123.5,118.34,120.51,52223105.0,123.5,118.34,120.51,118.79,52313061.0,1.0,0.0,NVDA,XNAS,2022-10-19
219.8,222.93,217.78,222.04,66571479.0,222.93,217.78,222.04,219.8,66571479.0,1.0,0.0,TSLA,XNAS,2022-10-19
145.49,146.7,140.61,143.75,98961900.0,146.7,140.61,143.75,145.49,99136610.0,1.0,0.0,AAPL,XNAS,2022-10-18
243.24,243.93,235.37,238.5,26329591.0,243.93,235.37,238.5,243.24,26329591.0,1.0,0.0,MSFT,XNAS,2022-10-18
123.44,124.91,116.18,119.67,65936206.0,124.92,116.18,119.67,123.44,65936206.0,1.0,0.0,NVDA,XNAS,2022-10-18
229.5,229.82,217.25,220.19,75891905.0,229.82,217.25,220.19,229.5,75891905.0,1.0,0.0,TSLA,XNAS,2022-10-18
141.07,142.9,140.27,142.41,85073900.0,,,142.41,,,1.0,0.0,AAPL,XNAS,2022-10-17
235.82,238.96,235.135,237.53,28142268.0,,,237.53,,,1.0,0.0,MSFT,XNAS,2022-10-17
115.18,119.48,115.17,118.88,58077417.0,,,118.88,,,1.0,0.0,NVDA,XNAS,2022-10-17
210.04,221.86,209.45,219.35,79428810.0,,,219.35,,,1.0,0.0,TSLA,XNAS,2022-10-17
144.31,144.52,138.19,138.38,88512300.0,,,138.38,,,1.0,0.0,AAPL,XNAS,2022-10-14
235.54,237.24,228.34,228.56,30187200.0,,,228.56,,,1.0,0.0,MSFT,XNAS,2022-10-14
120.57,121.11,112.04,112.27,71255100.0,,,112.27,,,1.0,0.0,NVDA,XNAS,2022-10-14
224.01,226.26,204.16,204.99,94124511.0,,,204.99,,,1.0,0.0,TSLA,XNAS,2022-10-14
134.99,143.59,134.37,142.99,113120700.0,,,142.99,,,1.0,0.0,AAPL,XNAS,2022-10-13
219.85,236.1,219.13,234.24,42551818.0,,,234.24,,,1.0,0.0,MSFT,XNAS,2022-10-13
109.71,120.7799,108.13,119.6,84290061.0,,,119.6,,,1.0,0.0,NVDA,XNAS,2022-10-13
208.3,222.99,206.22,221.72,91483045.0,,,221.72,,,1.0,0.0,TSLA,XNAS,2022-10-13
139.13,140.36,138.16,138.34,70374100.0,,,138.34,,,1.0,0.0,AAPL,XNAS,2022-10-12
225.4,227.86,223.96,225.75,21903937.0,,,225.75,,,1.0,0.0,MSFT,XNAS,2022-10-12
115.79,117.35,113.46,115.0,49259019.0,,,115.0,,,1.0,0.0,NVDA,XNAS,2022-10-12
215.33,219.2999,211.51,217.24,66860699.0,,,217.24,,,1.0,0.0,TSLA,XNAS,2022-10-12
139.9,141.35,138.22,138.98,76969200.0,,,138.98,,,1.0,0.0,AAPL,XNAS,2022-10-11
227.62,229.06,224.11,225.41,30473954.0,,,225.41,,,1.0,0.0,MSFT,XNAS,2022-10-11
115.61,118.4494,112.83,115.86,66748163.0,,,115.86,,,1.0,0.0,NVDA,XNAS,2022-10-11
220.945,225.75,215.0,216.5,77013202.0,,,216.5,,,1.0,0.0,TSLA,XNAS,2022-10-11
140.42,141.89,138.57,140.42,74827900.0,,,140.42,,,1.0,0.0,AAPL,XNAS,2022-10-10
233.05,234.559,226.73,229.25,29743608.0,,,229.25,,,1.0,0.0,MSFT,XNAS,2022-10-10
120.37,121.24,114.08,116.7,69787700.0,,,116.7,,,1.0,0.0,NVDA,XNAS,2022-10-10
223.93,226.99,218.3582,222.96,67925018.0,,,222.96,,,1.0,0.0,TSLA,XNAS,2022-10-10
142.54,143.1,139.45,140.09,85859100.0,,,140.09,,,1.0,0.0,AAPL,XNAS,2022-10-07
240.9,241.32,233.17,234.24,37732400.0,,,234.24,,,1.0,0.0,MSFT,XNAS,2022-10-07
125.05,126.7,120.22,120.76,67168900.0,,,120.76,,,1.0,0.0,NVDA,XNAS,2022-10-07
233.935,234.5715,222.02,223.07,83916800.0,,,223.07,,,1.0,0.0,TSLA,XNAS,2022-10-07
145.81,147.54,145.22,145.43,68285900.0,,,145.43,,,1.0,0.0,AAPL,XNAS,2022-10-06
247.93,250.34,246.08,246.79,20239886.0,,,246.79,,,1.0,0.0,MSFT,XNAS,2022-10-06
132.2,136.56,131.03,131.3,64208200.0,,,131.3,,,1.0,0.0,NVDA,XNAS,2022-10-06
239.44,244.58,235.35,238.13,69298437.0,,,238.13,,,1.0,0.0,TSLA,XNAS,2022-10-06
144.07,147.38,143.01,146.4,79326600.0,,,146.4,,,1.0,0.0,AAPL,XNAS,2022-10-05
245.99,250.58,244.1,249.2,20347136.0,,,249.2,,,1.0,0.0,MSFT,XNAS,2022-10-05
129.11,133.21,126.21,132.09,50616100.0,,,132.09,,,1.0,0.0,NVDA,XNAS,2022-10-05
245.01,246.6697,233.27,240.81,86982673.0,,,240.81,,,1.0,0.0,TSLA,XNAS,2022-10-05
145.03,146.22,144.26,146.1,87697800.0,,,146.1,,,1.0,0.0,AAPL,XNAS,2022-10-04
245.09,250.36,244.975,248.88,34888416.0,,,248.88,,,1.0,0.0,MSFT,XNAS,2022-10-04
128.79,132.2,128.79,131.67,58418167.0,,,131.67,,,1.0,0.0,NVDA,XNAS,2022-10-04
250.52,257.5,242.01,249.44,109578535.0,,,249.44,,,1.0,0.0,TSLA,XNAS,2022-10-04
138.21,143.07,137.69,142.45,114169700.0,,,142.45,,,1.0,0.0,AAPL,XNAS,2022-10-03
235.41,241.61,234.66,240.74,28880357.0,,,240.74,,,1.0,0.0,MSFT,XNAS,2022-10-03
123.47,126.78,121.05,125.12,54655400.0,,,125.12,,,1.0,0.0,NVDA,XNAS,2022-10-03
254.5,255.16,241.01,242.4,98363541.0,,,242.4,,,1.0,0.0,TSLA,XNAS,2022-10-03
141.28,143.1,138.0,138.2,124705400.0,,,138.2,,,1.0,0.0,AAPL,XNAS,2022-09-30
238.29,240.54,232.73,232.9,35671100.0,,,232.9,,,1.0,0.0,MSFT,XNAS,2022-09-30
120.87,126.33,120.75,121.39,56486900.0,,,121.39,,,1.0,0.0,NVDA,XNAS,2022-09-30
266.145,275.57,262.47,265.25,67726598.0,,,265.25,,,1.0,0.0,TSLA,XNAS,2022-09-30
146.1,146.72,140.68,142.48,127977800.0,,,142.48,,,1.0,0.0,AAPL,XNAS,2022-09-29
238.89,239.95,234.41,237.5,27484233.0,,,237.5,,,1.0,0.0,MSFT,XNAS,2022-09-29
124.48,125.0,119.4601,122.2,53124531.0,,,122.2,,,1.0,0.0,NVDA,XNAS,2022-09-29
282.76,283.65,265.78,268.21,77620642.0,,,268.21,,,1.0,0.0,TSLA,XNAS,2022-09-29
147.64,150.64,144.84,149.84,146514500.0,,,149.84,,,1.0,0.0,AAPL,XNAS,2022-09-28
236.81,242.33,234.73,241.07,29029679.0,,,241.07,,,1.0,0.0,MSFT,XNAS,2022-09-28
124.1,128.23,123.55,127.36,54125475.0,,,127.36,,,1.0,0.0,NVDA,XNAS,2022-09-28
283.08,289.0,277.57,287.81,54664809.0,,,287.81,,,1.0,0.0,TSLA,XNAS,2022-09-28
152.74,154.72,149.95,151.76,84319100.0,,,151.76,,,1.0,0.0,AAPL,XNAS,2022-09-27
239.98,241.8,234.5,236.41,27018732.0,,,236.41,,,1.0,0.0,MSFT,XNAS,2022-09-27
125.07,127.36,122.58,124.13,55385406.0,,,124.13,,,1.0,0.0,NVDA,XNAS,2022-09-27
283.84,288.67,277.51,282.94,61925185.0,,,282.94,,,1.0,0.0,TSLA,XNAS,2022-09-27
149.66,153.77,149.64,150.77,93235300.0,,,150.77,,,1.0,0.0,AAPL,XNAS,2022-09-26
237.045,241.45,236.9,237.45,27694190.0,,,237.45,,,1.0,0.0,MSFT,XNAS,2022-09-26
124.91,126.59,122.14,122.28,54612400.0,,,122.28,,,1.0,0.0,NVDA,XNAS,2022-09-26
271.83,284.09,270.31,276.01,58076913.0,,,276.01,,,1.0,0.0,TSLA,XNAS,2022-09-26
151.19,151.47,148.56,150.43,95939200.0,,,150.43,,,1.0,0.0,AAPL,XNAS,2022-09-23
239.54,241.13,235.2,237.92,34137200.0,,,237.92,,,1.0,0.0,MSFT,XNAS,2022-09-23
124.2,126.11,122.57,125.16,66184000.0,,,125.16,,,1.0,0.0,NVDA,XNAS,2022-09-23
283.09,284.5,272.82,275.33,63748362.0,,,275.33,,,1.0,0.0,TSLA,XNAS,2022-09-23
152.38,154.47,150.91,152.74,86580200.0,,,152.74,,,1.0,0.0,AAPL,XNAS,2022-09-22
237.8704,243.86,237.57,240.98,31061162.0,,,240.98,,,1.0,0.0,MSFT,XNAS,2022-09-22
130.7,131.4897,124.28,125.61,75916216.0,,,125.61,,,1.0,0.0,NVDA,XNAS,2022-09-22
299.86,301.29,285.82,288.59,70545413.0,,,288.59,,,1.0,0.0,TSLA,XNAS,2022-09-22
157.34,158.74,153.6,153.72,101407100.0,,,153.72,,,1.0,0.0,AAPL,XNAS,2022-09-21
244.27,247.66,238.9,238.95,28625557.0,,,238.95,,,1.0,0.0,MSFT,XNAS,2022-09-21
132.13,140.31,131.1,132.61,80470733.0,,,132.61,,,1.0,0.0,NVDA,XNAS,2022-09-21
308.29,313.8,300.63,300.8,62555656.0,,,300.8,,,1.0,0.0,TSLA,XNAS,2022-09-21
153.4,158.08,153.08,156.9,107547900.0,,,156.9,,,1.0,0.0,AAPL,XNAS,2022-09-20
242.065,243.51,239.64,242.45,26660299.0,,,242.45,,,1.0,0.0,MSFT,XNAS,2022-09-20
132.15,134.83,130.57,131.76,52412900.0,,,131.76,,,1.0,0.0,NVDA,XNAS,2022-09-20
306.91,313.33,305.58,308.73,61642783.0,,,308.73,,,1.0,0.0,TSLA,XNAS,2022-09-20
149.31,154.56,149.1,154.48,81328800.0,,,154.48,,,1.0,0.0,AAPL,XNAS,2022-09-19
242.465,245.14,240.85,244.52,26826931.0,,,244.52,,,1.0,0.0,MSFT,XNAS,2022-09-19
130.12,134.63,130.11,133.82,54499858.0,,,133.82,,,1.0,0.0,NVDA,XNAS,2022-09-19
300.09,309.84,297.8,309.07,60231156.0,,,309.07,,,1.0,0.0,TSLA,XNAS,2022-09-19
151.21,151.35,148.37,150.7,162157000.0,,,150.7,,,1.0,0.0,AAPL,XNAS,2022-09-16
244.26,245.3,242.06,244.74,39775100.0,,,244.74,,,1.0,0.0,MSFT,XNAS,2022-09-16
127.42,132.12,126.17,131.98,66999100.0,,,131.98,,,1.0,0.0,NVDA,XNAS,2022-09-16
299.605,303.71,295.6005,303.35,87087786.0,,,303.35,,,1.0,0.0,TSLA,XNAS,2022-09-16
154.65,155.24,151.38,152.37,90263300.0,,,152.37,,,1.0,0.0,AAPL,XNAS,2022-09-15
249.77,251.4,244.02,245.38,31530948.0,,,245.38,,,1.0,0.0,MSFT,XNAS,2022-09-15
130.152,132.32,128.01,129.29,52362516.0,,,129.29,,,1.0,0.0,NVDA,XNAS,2022-09-15
301.825,309.12,300.7247,303.75,64795523.0,,,303.75,,,1.0,0.0,TSLA,XNAS,2022-09-15
154.79,157.1,153.61,155.31,87850600.0,,,155.31,,,1.0,0.0,AAPL,XNAS,2022-09-14
253.53,254.23,249.86,252.22,23912954.0,,,252.22,,,1.0,0.0,MSFT,XNAS,2022-09-14
132.54,132.8999,129.14,131.28,58850654.0,,,131.28,,,1.0,0.0,NVDA,XNAS,2022-09-14
292.24,306.0,291.64,302.61,72628653.0,,,302.61,,,1.0,0.0,TSLA,XNAS,2022-09-14
159.9,160.54,153.37,153.84,122493100.0,,,153.84,,,1.0,0.0,AAPL,XNAS,2022-09-13
258.84,260.4,251.59,251.99,33353318.0,,,251.99,,,1.0,0.0,MSFT,XNAS,2022-09-13
138.02,139.22,130.99,131.31,71495563.0,,,131.31,,,1.0,0.0,NVDA,XNAS,2022-09-13
292.9,297.3999,290.4,292.13,68229619.0,,,292.13,,,1.0,0.0,TSLA,XNAS,2022-09-13
159.59,164.26,159.3,163.43,104806600.0,,,163.43,,,1.0,0.0,AAPL,XNAS,2022-09-12
265.78,267.45,265.16,266.65,18747690.0,,,266.65,,,1.0,0.0,MSFT,XNAS,2022-09-12
143.69,145.47,141.98,145.05,48415924.0,,,145.05,,,1.0,0.0,NVDA,XNAS,2022-09-12
300.72,305.49,300.4,304.42,48674604.0,,,304.42,,,1.0,0.0,TSLA,XNAS,2022-09-12
155.47,157.82,154.75,157.37,68028800.0,,,157.37,,,1.0,0.0,AAPL,XNAS,2022-09-09
260.5,265.23,260.29,264.46,22084700.0,,,264.46,,,1.0,0.0,MSFT,XNAS,2022-09-09
141.57,144.74,141.26,143.87,48661200.0,,,143.87,,,1.0,0.0,NVDA,XNAS,2022-09-09
291.67,299.85,291.245,299.68,54470854.0,,,299.68,,,1.0,0.0,TSLA,XNAS,2022-09-09
154.64,156.36,152.68,154.46,84809500.0,,,154.46,,,1.0,0.0,AAPL,XNAS,2022-09-08
257.51,260.43,254.79,258.52,20319911.0,,,258.52,,,1.0,0.0,MSFT,XNAS,2022-09-08
134.59,140.08,133.69,139.9,62487312.0,,,139.9,,,1.0,0.0,NVDA,XNAS,2022-09-08
281.3,289.5,279.76,289.26,53713124.0,,,289.26,,,1.0,0.0,TSLA,XNAS,2022-09-08
154.82,156.67,153.61,155.96,87342200.0,,,155.96,,,1.0,0.0,AAPL,XNAS,2022-09-07
254.7,258.83,253.22,258.09,24126700.0,,,258.09,,,1.0,0.0,MSFT,XNAS,2022-09-07
135.63,138.38,133.46,137.14,51265754.0,,,137.14,,,1.0,0.0,NVDA,XNAS,2022-09-07
273.1,283.84,272.27,283.7,50028916.0,,,283.7,,,1.0,0.0,TSLA,XNAS,2022-09-07
156.47,157.09,153.69,154.53,73714844.0,,,154.53,,,1.0,0.0,AAPL,XNAS,2022-09-06
256.2,257.83,251.94,253.25,21328242.0,,,253.25,,,1.0,0.0,MSFT,XNAS,2022-09-06
137.31,137.79,133.51,134.65,53492500.0,,,134.65,,,1.0,0.0,NVDA,XNAS,2022-09-06
272.675,275.99,265.74,274.42,55859984.0,,,274.42,,,1.0,0.0,TSLA,XNAS,2022-09-06
159.75,160.36,154.97,155.81,76905200.0,,,155.81,,,1.0,0.0,AAPL,XNAS,2022-09-02
261.7,264.74,254.47,256.06,22841600.0,,,256.06,,,1.0,0.0,MSFT,XNAS,2022-09-02
141.0,141.71,135.91,136.47,74259000.0,,,136.47,,,1.0,0.0,NVDA,XNAS,2022-09-02
281.065,282.35,269.08,270.21,50890090.0,,,270.21,,,1.0,0.0,TSLA,XNAS,2022-09-02
156.64,158.42,154.67,157.96,74117400.0,,,157.96,,,1.0,0.0,AAPL,XNAS,2022-09-01
258.87,260.89,255.41,260.4,23263431.0,,,260.4,,,1.0,0.0,MSFT,XNAS,2022-09-01
142.09,143.8,132.7021,139.37,117886514.0,,,139.37,,,1.0,0.0,NVDA,XNAS,2022-09-01
272.575,277.58,266.15,277.16,54287024.0,,,277.16,,,1.0,0.0,TSLA,XNAS,2022-09-01
160.31,160.58,157.14,157.22,87700100.0,,,157.22,,,1.0,0.0,AAPL,XNAS,2022-08-31
265.39,267.11,261.33,261.47,24791834.0,,,261.47,,,1.0,0.0,MSFT,XNAS,2022-08-31
153.84,155.38,149.5851,150.94,52608052.0,,,150.94,,,1.0,0.0,NVDA,XNAS,2022-08-31
280.62,281.25,271.81,275.61,52107337.0,,,275.61,,,1.0,0.0,TSLA,XNAS,2022-08-31
162.13,162.56,157.72,158.91,77398800.0,,,158.91,,,1.0,0.0,AAPL,XNAS,2022-08-30
266.67,267.05,260.66,262.97,22767071.0,,,262.97,,,1.0,0.0,MSFT,XNAS,2022-08-30
159.6,160.39,151.82,154.68,53018069.0,,,154.68,,,1.0,0.0,NVDA,XNAS,2022-08-30
287.865,288.48,272.65,277.7,50541759.0,,,277.7,,,1.0,0.0,TSLA,XNAS,2022-08-30
161.15,162.9,159.82,161.38,73227700.0,,,161.38,,,1.0,0.0,AAPL,XNAS,2022-08-29
265.85,267.4,263.85,265.23,20338544.0,,,265.23,,,1.0,0.0,MSFT,XNAS,2022-08-29
160.2,163.38,157.67,158.01,49613194.0,,,158.01,,,1.0,0.0,NVDA,XNAS,2022-08-29
282.83,287.74,280.7,284.82,41864742.0,,,284.82,,,1.0,0.0,TSLA,XNAS,2022-08-29
170.57,171.05,163.56,163.62,78823500.0,,,163.62,,,1.0,0.0,AAPL,XNAS,2022-08-26
279.08,280.34,267.98,268.09,27532500.0,,,268.09,,,1.0,0.0,MSFT,XNAS,2022-08-26
178.57,179.24,162.37,162.6,76825500.0,,,162.6,,,1.0,0.0,NVDA,XNAS,2022-08-26
297.43,302.0,287.47,288.09,57163953.0,,,288.09,,,1.0,0.0,TSLA,XNAS,2022-08-26
168.78,170.14,168.35,170.03,51156300.0,,,170.03,,,1.0,0.0,AAPL,XNAS,2022-08-25
277.33,279.02,274.52,278.85,16583407.0,,,278.85,,,1.0,0.0,MSFT,XNAS,2022-08-25
168.44,179.47,168.33,179.13,76995300.0,,,179.13,,,1.0,0.0,NVDA,XNAS,2022-08-25
302.36,302.96,291.6,296.07,53230013.0,,,296.07,,,1.0,0.0,TSLA,XNAS,2022-08-25
167.32,168.11,166.25,167.53,53766800.0,,,167.53,,,1.0,0.0,AAPL,XNAS,2022-08-24
275.41,277.23,275.11,275.79,18137019.0,,,275.79,,,1.0,0.0,MSFT,XNAS,2022-08-24
170.12,174.06,168.95,172.22,52266071.0,,,172.22,,,1.0,0.0,NVDA,XNAS,2022-08-24
2678.07,2732.82,891.29,891.29,19030600.0,,,297.0967,,,1.0,0.0,TSLA,XNAS,2022-08-24
167.08,168.71,166.65,167.23,54091400.0,,,167.23,,,1.0,0.0,AAPL,XNAS,2022-08-23
276.44,278.86,275.4,276.44,17527409.0,,,276.44,,,1.0,0.0,MSFT,XNAS,2022-08-23
169.89,174.65,169.7,171.81,36952400.0,,,171.81,,,1.0,0.0,NVDA,XNAS,2022-08-23
874.36,896.48,863.77,889.36,21269900.0,,,889.36,,,1.0,0.0,TSLA,XNAS,2022-08-23
169.69,169.86,167.14,167.57,68952600.0,,,167.57,,,1.0,0.0,AAPL,XNAS,2022-08-22
282.08,282.46,277.22,277.75,25061070.0,,,277.75,,,1.0,0.0,MSFT,XNAS,2022-08-22
174.9,175.58,169.66,170.34,40906400.0,,,170.34,,,1.0,0.0,NVDA,XNAS,2022-08-22
875.74,877.2,858.89,869.74,18546300.0,,,869.74,,,1.0,0.0,TSLA,XNAS,2022-08-22
173.03,173.74,171.31,171.52,70211500.0,,,171.52,,,1.0,0.0,AAPL,XNAS,2022-08-19
288.9,289.25,285.56,286.15,20557200.0,,,286.15,,,1.0,0.0,MSFT,XNAS,2022-08-19
184.06,185.2,177.7,178.49,44080100.0,,,178.49,,,1.0,0.0,NVDA,XNAS,2022-08-19
897.0,901.08,877.5,890.0,20417900.0,,,890.0,,,1.0,0.0,TSLA,XNAS,2022-08-19
173.75,174.9,173.12,174.15,62214200.0,,,174.15,,,1.0,0.0,AAPL,XNAS,2022-08-18
290.189,291.91,289.08,290.17,17186192.0,,,290.17,,,1.0,0.0,MSFT,XNAS,2022-08-18
183.01,188.65,181.83,187.73,41521500.0,,,187.73,,,1.0,0.0,NVDA,XNAS,2022-08-18
918.0,919.5,905.56,908.61,15796700.0,,,908.61,,,1.0,0.0,TSLA,XNAS,2022-08-18
172.77,176.15,172.57,174.55,79302100.0,,,174.55,,,1.0,0.0,AAPL,XNAS,2022-08-17
289.74,293.35,289.47,291.32,18253358.0,,,291.32,,,1.0,0.0,MSFT,XNAS,2022-08-17
185.23,186.87,181.45,183.35,44679911.0,,,183.35,,,1.0,0.0,NVDA,XNAS,2022-08-17
910.19,928.97,900.1,911.99,22921990.0,,,911.99,,,1.0,0.0,TSLA,XNAS,2022-08-17
172.78,173.71,171.66,173.03,56180100.0,,,173.03,,,1.0,0.0,AAPL,XNAS,2022-08-16
291.99,294.04,290.42,292.09,18074400.0,,,291.47,,,1.0,0.0,MSFT,XNAS,2022-08-16
189.195,191.42,185.01,188.79,45000581.0,,,188.79,,,1.0,0.0,NVDA,XNAS,2022-08-16
935.0,944.0,908.65,919.69,29102695.0,,,919.69,,,1.0,0.0,TSLA,XNAS,2022-08-16
171.52,173.39,171.35,173.19,54023100.0,,,173.19,,,1.0,0.0,AAPL,XNAS,2022-08-15
291.0,294.18,290.11,293.47,18085654.0,,,293.47,,,1.0,0.0,MSFT,XNAS,2022-08-15
187.01,191.6368,186.14,190.32,45620145.0,,,190.32,,,1.0,0.0,NVDA,XNAS,2022-08-15
905.36,939.4,903.69,927.96,29786389.0,,,927.96,,,1.0,0.0,TSLA,XNAS,2022-08-15
169.82,172.17,169.4,172.1,67946400.0,,,172.1,,,1.0,0.0,AAPL,XNAS,2022-08-12
288.48,291.91,286.94,291.91,22601900.0,,,291.91,,,1.0,0.0,MSFT,XNAS,2022-08-12
181.6,187.18,179.53,187.09,47763000.0,,,187.09,,,1.0,0.0,NVDA,XNAS,2022-08-12
868.25,900.48,855.1,900.09,26443300.0,,,900.09,,,1.0,0.0,TSLA,XNAS,2022-08-12
170.06,170.99,168.19,168.49,57087300.0,,,168.49,,,1.0,0.0,AAPL,XNAS,2022-08-11
290.85,291.21,286.51,287.02,20065938.0,,,287.02,,,1.0,0.0,MSFT,XNAS,2022-08-11
181.31,187.07,178.77,179.42,50869620.0,,,179.42,,,1.0,0.0,NVDA,XNAS,2022-08-11
889.54,894.71,857.5,859.89,23328800.0,,,859.89,,,1.0,0.0,TSLA,XNAS,2022-08-11
167.68,169.34,166.9,169.24,70076000.0,,,169.24,,,1.0,0.0,AAPL,XNAS,2022-08-10
288.17,289.81,286.94,289.16,24687845.0,,,289.16,,,1.0,0.0,MSFT,XNAS,2022-08-10
176.98,181.18,173.17,180.97,59682900.0,,,180.97,,,1.0,0.0,NVDA,XNAS,2022-08-10
891.2,892.53,850.11,883.07,31579300.0,,,883.07,,,1.0,0.0,TSLA,XNAS,2022-08-10
164.02,165.82,163.25,164.92,63086000.0,,,164.92,,,1.0,0.0,AAPL,XNAS,2022-08-09
279.64,283.08,277.61,282.3,23405238.0,,,282.3,,,1.0,0.0,MSFT,XNAS,2022-08-09
172.52,174.4719,167.25,170.86,66671340.0,,,170.86,,,1.0,0.0,NVDA,XNAS,2022-08-09
870.88,877.1,838.06,850.0,28748227.0,,,850.0,,,1.0,0.0,TSLA,XNAS,2022-08-09
166.37,167.81,164.2,164.87,60276900.0,,,164.87,,,1.0,0.0,AAPL,XNAS,2022-08-08
284.05,285.92,279.32,280.32,18757818.0,,,280.32,,,1.0,0.0,MSFT,XNAS,2022-08-08
175.02,182.39,172.42,177.93,98185900.0,,,177.93,,,1.0,0.0,NVDA,XNAS,2022-08-08
885.0,915.6,867.26,871.27,32998000.0,,,871.27,,,1.0,0.0,TSLA,XNAS,2022-08-08
163.21,165.85,163.0,165.35,56646600.0,,,165.35,,,1.0,0.0,AAPL,XNAS,2022-08-05
279.15,283.65,278.68,282.91,16767900.0,,,282.91,,,1.0,0.0,MSFT,XNAS,2022-08-05
188.1,192.29,186.66,189.89,38580100.0,,,189.89,,,1.0,0.0,NVDA,XNAS,2022-08-05
908.01,913.82,856.63,864.51,37655300.0,,,864.51,,,1.0,0.0,TSLA,XNAS,2022-08-05
166.01,167.19,164.43,165.81,55409400.0,,,165.58,,,1.0,0.0,AAPL,XNAS,2022-08-04
281.8,283.8,280.1677,283.65,18098668.0,,,283.65,,,1.0,0.0,MSFT,XNAS,2022-08-04
188.49,192.7,187.61,192.15,40965227.0,,,192.15,,,1.0,0.0,NVDA,XNAS,2022-08-04
933.0,940.82,915.0,925.9,23770558.0,,,925.9,,,1.0,0.0,TSLA,XNAS,2022-08-04
160.84,166.59,160.75,166.13,82436600.0,,,166.13,,,1.0,0.0,AAPL,XNAS,2022-08-03
276.76,283.5,276.61,282.47,23518874.0,,,282.47,,,1.0,0.0,MSFT,XNAS,2022-08-03
181.84,189.68,181.37,188.93,41773400.0,,,188.93,,,1.0,0.0,NVDA,XNAS,2022-08-03
915.0,928.65,903.45,922.19,26646100.0,,,922.19,,,1.0,0.0,TSLA,XNAS,2022-08-03
160.1,162.41,159.63,160.01,59824800.0,,,160.01,,,1.0,0.0,AAPL,XNAS,2022-08-02
276.0,277.89,272.38,274.82,22754180.0,,,274.82,,,1.0,0.0,MSFT,XNAS,2022-08-02
181.22,189.38,180.92,185.26,48850100.0,,,185.26,,,1.0,0.0,NVDA,XNAS,2022-08-02
882.01,923.5,878.0,901.76,31794000.0,,,901.76,,,1.0,0.0,TSLA,XNAS,2022-08-02
161.01,163.59,160.89,161.51,67774800.0,,,161.51,,,1.0,0.0,AAPL,XNAS,2022-08-01
277.82,281.28,275.84,278.01,21539580.0,,,278.01,,,1.0,0.0,MSFT,XNAS,2022-08-01
181.82,188.46,179.9,184.41,47646904.0,,,184.41,,,1.0,0.0,NVDA,XNAS,2022-08-01
903.83,935.63,885.0,891.83,38952200.0,,,891.83,,,1.0,0.0,TSLA,XNAS,2022-08-01
161.24,163.63,159.5,162.51,101689200.0,,,162.51,,,1.0,0.0,AAPL,XNAS,2022-07-29
277.7,282.0,276.63,280.74,32129400.0,,,280.74,,,1.0,0.0,MSFT,XNAS,2022-07-29
178.13,182.44,176.92,181.63,43520200.0,,,181.63,,,1.0,0.0,NVDA,XNAS,2022-07-29
842.1,894.96,837.3,891.45,31699000.0,,,891.45,,,1.0,0.0,TSLA,XNAS,2022-07-29
156.98,157.64,154.41,157.35,80659400.0,,,157.35,,,1.0,0.0,AAPL,XNAS,2022-07-28
269.75,277.84,267.87,276.41,33406100.0,,,276.41,,,1.0,0.0,MSFT,XNAS,2022-07-28
179.75,181.4,174.4,179.84,47464628.0,,,179.84,,,1.0,0.0,NVDA,XNAS,2022-07-28
840.2,849.9,818.43,842.7,28240997.0,,,842.7,,,1.0,0.0,TSLA,XNAS,2022-07-28
152.58,157.33,152.16,156.79,78461200.0,,,156.79,,,1.0,0.0,AAPL,XNAS,2022-07-27
261.16,270.05,258.85,268.74,45976100.0,,,268.74,,,1.0,0.0,MSFT,XNAS,2022-07-27
170.32,179.36,169.1301,177.9,56977623.0,,,177.9,,,1.0,0.0,NVDA,XNAS,2022-07-27
791.43,827.7768,785.3701,824.46,28999009.0,,,824.46,,,1.0,0.0,TSLA,XNAS,2022-07-27
152.26,153.09,150.8,151.6,54822900.0,,,151.6,,,1.0,0.0,AAPL,XNAS,2022-07-26
259.86,259.88,249.57,251.9,38096200.0,,,251.9,,,1.0,0.0,MSFT,XNAS,2022-07-26
168.89,169.19,164.79,165.33,39269823.0,,,165.33,,,1.0,0.0,NVDA,XNAS,2022-07-26
799.54,801.9299,768.88,776.58,22011302.0,,,776.58,,,1.0,0.0,TSLA,XNAS,2022-07-26
154.01,155.04,152.28,152.95,53515000.0,,,152.95,,,1.0,0.0,AAPL,XNAS,2022-07-25
261.0,261.5,256.81,258.83,21018800.0,,,258.83,,,1.0,0.0,MSFT,XNAS,2022-07-25
170.19,171.23,166.49,170.24,47387195.0,,,170.24,,,1.0,0.0,NVDA,XNAS,2022-07-25
816.65,822.44,802.2,805.3,21357835.0,,,805.3,,,1.0,0.0,TSLA,XNAS,2022-07-25
155.39,156.28,153.41,154.09,66625400.0,,,154.09,,,1.0,0.0,AAPL,XNAS,2022-07-22
265.24,265.33,259.07,260.36,21871000.0,,,260.36,,,1.0,0.0,MSFT,XNAS,2022-07-22
178.93,179.67,171.37,173.19,53628300.0,,,173.19,,,1.0,0.0,NVDA,XNAS,2022-07-22
828.66,842.36,812.14,816.73,34421200.0,,,816.73,,,1.0,0.0,TSLA,XNAS,2022-07-22
154.5,155.57,151.94,155.35,64953600.0,,,155.35,,,1.0,0.0,AAPL,XNAS,2022-07-21
259.79,264.89,257.03,264.84,22375700.0,,,264.84,,,1.0,0.0,MSFT,XNAS,2022-07-21
178.85,181.44,175.4456,180.5,55704928.0,,,180.5,,,1.0,0.0,NVDA,XNAS,2022-07-21
765.32,819.8,764.6,815.12,46871146.0,,,815.12,,,1.0,0.0,TSLA,XNAS,2022-07-21
151.12,153.72,150.37,153.04,64759500.0,,,153.04,,,1.0,0.0,AAPL,XNAS,2022-07-20
259.9,264.87,258.91,262.27,22689600.0,,,262.27,,,1.0,0.0,MSFT,XNAS,2022-07-20
169.47,179.325,168.01,178.07,76053779.0,,,178.07,,,1.0,0.0,NVDA,XNAS,2022-07-20
740.35,751.9528,730.449,742.5,29621363.0,,,742.5,,,1.0,0.0,TSLA,XNAS,2022-07-20
147.92,151.23,146.91,151.0,82982367.0,,,151.0,,,1.0,0.0,AAPL,XNAS,2022-07-19
257.58,259.72,253.68,259.53,24955100.0,,,259.53,,,1.0,0.0,MSFT,XNAS,2022-07-19
164.86,171.1,161.7201,169.92,69012208.0,,,169.92,,,1.0,0.0,NVDA,XNAS,2022-07-19
735.0,741.42,710.97,736.59,26446734.0,,,736.59,,,1.0,0.0,TSLA,XNAS,2022-07-19
150.74,151.57,146.7,147.07,81264900.0,,,147.07,,,1.0,0.0,AAPL,XNAS,2022-07-18
259.75,260.84,253.3,254.25,20956300.0,,,254.25,,,1.0,0.0,MSFT,XNAS,2022-07-18
163.02,168.96,160.03,161.01,66798749.0,,,161.01,,,1.0,0.0,NVDA,XNAS,2022-07-18
734.81,751.535,718.86,721.64,27413327.0,,,721.64,,,1.0,0.0,TSLA,XNAS,2022-07-18
149.78,150.86,148.2,150.17,76030800.0,,,150.17,,,1.0,0.0,AAPL,XNAS,2022-07-15
255.72,260.37,254.77,256.72,29572500.0,,,256.72,,,1.0,0.0,MSFT,XNAS,2022-07-15
156.59,157.82,154.45,157.62,38447100.0,,,157.62,,,1.0,0.0,NVDA,XNAS,2022-07-15
720.0,730.87,710.67,720.2,23165500.0,,,720.2,,,1.0,0.0,TSLA,XNAS,2022-07-15
144.08,148.95,143.25,148.47,77996900.0,,,148.47,,,1.0,0.0,AAPL,XNAS,2022-07-14
250.57,255.14,245.94,254.08,25074800.0,,,254.08,,,1.0,0.0,MSFT,XNAS,2022-07-14
151.08,154.7299,147.28,153.72,45305491.0,,,153.72,,,1.0,0.0,NVDA,XNAS,2022-07-14
704.69,715.9599,688.06,714.94,25930935.0,,,714.94,,,1.0,0.0,TSLA,XNAS,2022-07-14
142.99,146.45,142.1201,145.49,69119712.0,,,145.49,,,1.0,0.0,AAPL,XNAS,2022-07-13
250.19,253.55,248.21,252.72,29497423.0,,,252.72,,,1.0,0.0,MSFT,XNAS,2022-07-13
145.9,153.75,144.65,151.64,51703081.0,,,151.64,,,1.0,0.0,NVDA,XNAS,2022-07-13
676.5,726.1799,675.11,711.12,32651499.0,,,711.12,,,1.0,0.0,TSLA,XNAS,2022-07-13
145.76,148.45,145.05,145.86,77523400.0,,,145.86,,,1.0,0.0,AAPL,XNAS,2022-07-12
265.88,265.94,252.04,253.67,35843000.0,,,253.67,,,1.0,0.0,MSFT,XNAS,2022-07-12
152.68,154.31,148.77,150.82,45848310.0,,,150.82,,,1.0,0.0,NVDA,XNAS,2022-07-12
710.54,719.31,685.105,699.21,29310320.0,,,699.21,,,1.0,0.0,TSLA,XNAS,2022-07-12
145.67,146.64,143.78,144.87,63305113.0,,,144.87,,,1.0,0.0,AAPL,XNAS,2022-07-11
265.65,266.53,262.18,264.51,19455200.0,,,264.51,,,1.0,0.0,MSFT,XNAS,2022-07-11
155.26,155.2699,150.3801,151.52,43838873.0,,,151.52,,,1.0,0.0,NVDA,XNAS,2022-07-11
756.31,759.19,700.885,703.03,32830749.0,,,703.03,,,1.0,0.0,TSLA,XNAS,2022-07-11
145.26,147.55,145.0,147.04,64493200.0,,,147.04,,,1.0,0.0,AAPL,XNAS,2022-07-08
264.79,268.1,263.29,267.66,19648100.0,,,267.66,,,1.0,0.0,MSFT,XNAS,2022-07-08
154.3,160.37,153.89,158.38,46763500.0,,,158.38,,,1.0,0.0,NVDA,XNAS,2022-07-08
727.0,764.94,723.48,752.29,33343700.0,,,752.29,,,1.0,0.0,TSLA,XNAS,2022-07-08
143.29,146.55,143.28,146.35,66189900.0,,,146.35,,,1.0,0.0,AAPL,XNAS,2022-07-07
265.12,269.06,265.02,268.4,20848100.0,,,268.4,,,1.0,0.0,MSFT,XNAS,2022-07-07
154.555,159.45,153.89,158.58,48860476.0,,,158.58,,,1.0,0.0,NVDA,XNAS,2022-07-07
701.76,736.0438,696.63,733.63,27310230.0,,,733.63,,,1.0,0.0,TSLA,XNAS,2022-07-07
141.35,144.12,141.08,142.92,73972200.0,,,142.92,,,1.0,0.0,AAPL,XNAS,2022-07-06
263.75,267.99,262.4,266.21,23810300.0,,,266.21,,,1.0,0.0,MSFT,XNAS,2022-07-06
150.1,153.1899,147.89,151.3,52279633.0,,,151.3,,,1.0,0.0,NVDA,XNAS,2022-07-06
692.34,703.69,681.56,695.2,23502106.0,,,695.2,,,1.0,0.0,TSLA,XNAS,2022-07-06
137.77,141.61,136.935,141.56,73429641.0,,,141.56,,,1.0,0.0,AAPL,XNAS,2022-07-05
256.16,262.98,254.74,262.85,22941000.0,,,262.85,,,1.0,0.0,MSFT,XNAS,2022-07-05
141.75,149.71,140.55,149.64,65058183.0,,,149.64,,,1.0,0.0,NVDA,XNAS,2022-07-05
669.0,699.44,648.5001,699.2,28259704.0,,,699.2,,,1.0,0.0,TSLA,XNAS,2022-07-05
136.04,139.04,135.66,138.93,71007500.0,,,138.93,,,1.0,0.0,AAPL,XNAS,2022-07-01
256.39,259.77,254.61,259.58,22825200.0,,,259.58,,,1.0,0.0,MSFT,XNAS,2022-07-01
148.99,150.63,143.92,145.23,57662300.0,,,145.23,,,1.0,0.0,NVDA,XNAS,2022-07-01
681.0,690.69,666.36,681.79,24781500.0,,,681.79,,,1.0,0.0,TSLA,XNAS,2022-07-01
137.25,138.37,133.77,136.72,98867400.0,,,136.72,,,1.0,0.0,AAPL,XNAS,2022-06-30
257.05,259.53,252.9,256.83,31709800.0,,,256.83,,,1.0,0.0,MSFT,XNAS,2022-06-30
153.61,155.67,148.62,151.59,68527600.0,,,151.59,,,1.0,0.0,NVDA,XNAS,2022-06-30
673.53,688.3699,656.59,673.42,31104204.0,,,673.42,,,1.0,0.0,TSLA,XNAS,2022-06-30
137.46,140.67,136.67,139.23,66242411.0,,,139.23,,,1.0,0.0,AAPL,XNAS,2022-06-29
257.59,261.97,255.76,260.26,20042400.0,,,260.26,,,1.0,0.0,MSFT,XNAS,2022-06-29
158.14,158.2,151.7002,155.42,48235228.0,,,155.42,,,1.0,0.0,NVDA,XNAS,2022-06-29
691.5,693.52,666.8311,685.47,27632418.0,,,685.47,,,1.0,0.0,TSLA,XNAS,2022-06-29
142.13,143.42,137.32,137.44,67083400.0,,,137.44,,,1.0,0.0,AAPL,XNAS,2022-06-28
263.98,266.91,256.32,256.48,27295500.0,,,256.48,,,1.0,0.0,MSFT,XNAS,2022-06-28
169.0,172.015,159.4501,159.82,45496716.0,,,159.82,,,1.0,0.0,NVDA,XNAS,2022-06-28
733.45,749.91,697.03,697.99,30062991.0,,,697.99,,,1.0,0.0,TSLA,XNAS,2022-06-28
142.7,143.49,140.97,141.66,70149200.0,,,141.66,,,1.0,0.0,AAPL,XNAS,2022-06-27
268.21,268.3,263.28,264.89,24600800.0,,,264.89,,,1.0,0.0,MSFT,XNAS,2022-06-27
173.12,173.3,166.26,168.69,42775300.0,,,168.69,,,1.0,0.0,NVDA,XNAS,2022-06-27
748.1,756.21,727.7,734.76,29681200.0,,,734.76,,,1.0,0.0,TSLA,XNAS,2022-06-27
139.9,141.91,139.77,141.66,89116837.0,,,141.66,,,1.0,0.0,AAPL,XNAS,2022-06-24
261.81,267.98,261.72,267.7,33900700.0,,,267.7,,,1.0,0.0,MSFT,XNAS,2022-06-24
165.0,171.4,163.1,171.26,47166300.0,,,171.26,,,1.0,0.0,NVDA,XNAS,2022-06-24
712.41,738.2,708.26,737.12,31866500.0,,,737.12,,,1.0,0.0,TSLA,XNAS,2022-06-24
136.82,138.59,135.63,138.27,72330300.0,,,138.27,,,1.0,0.0,AAPL,XNAS,2022-06-23
255.57,259.37,253.63,258.86,25844400.0,,,258.86,,,1.0,0.0,MSFT,XNAS,2022-06-23
165.185,165.85,158.53,162.25,46367959.0,,,162.25,,,1.0,0.0,NVDA,XNAS,2022-06-23
713.715,717.95,685.91,705.21,34251930.0,,,705.21,,,1.0,0.0,TSLA,XNAS,2022-06-23
134.79,137.755,133.91,135.35,73165480.0,,,135.35,,,1.0,0.0,AAPL,XNAS,2022-06-22
251.89,257.17,250.38,253.13,25931728.0,,,253.13,,,1.0,0.0,MSFT,XNAS,2022-06-22
162.26,166.61,161.83,163.6,43663679.0,,,163.6,,,1.0,0.0,NVDA,XNAS,2022-06-22
703.51,740.5,701.48,708.26,33842420.0,,,708.26,,,1.0,0.0,TSLA,XNAS,2022-06-22
133.42,137.06,133.32,135.87,80785400.0,,,135.87,,,1.0,0.0,AAPL,XNAS,2022-06-21
250.26,254.75,249.51,253.74,29913000.0,,,253.74,,,1.0,0.0,MSFT,XNAS,2022-06-21
164.745,170.08,164.1,165.66,48308888.0,,,165.66,,,1.0,0.0,NVDA,XNAS,2022-06-21
673.81,730.7321,673.21,711.11,40764335.0,,,711.11,,,1.0,0.0,TSLA,XNAS,2022-06-21
130.07,133.08,129.81,131.56,134118500.0,,,131.56,,,1.0,0.0,AAPL,XNAS,2022-06-17
244.7,250.5,244.03,247.65,42800400.0,,,247.65,,,1.0,0.0,MSFT,XNAS,2022-06-17
156.48,159.95,153.28,158.8,62905700.0,,,158.8,,,1.0,0.0,NVDA,XNAS,2022-06-17
640.3,662.91,639.59,650.28,30810900.0,,,650.28,,,1.0,0.0,TSLA,XNAS,2022-06-17
132.08,132.39,129.07,130.06,107961508.0,,,130.06,,,1.0,0.0,AAPL,XNAS,2022-06-16
245.98,247.4174,243.03,244.97,31118528.0,,,244.97,,,1.0,0.0,MSFT,XNAS,2022-06-16
158.6,159.4232,154.01,156.01,54410704.0,,,156.01,,,1.0,0.0,NVDA,XNAS,2022-06-16
668.21,675.5,626.1,639.3,35796900.0,,,639.3,,,1.0,0.0,TSLA,XNAS,2022-06-16
134.29,137.34,132.16,135.43,91352700.0,,,135.43,,,1.0,0.0,AAPL,XNAS,2022-06-15
248.31,255.3,246.42,251.76,33073500.0,,,251.76,,,1.0,0.0,MSFT,XNAS,2022-06-15
160.95,168.6695,159.26,165.27,56393565.0,,,165.27,,,1.0,0.0,NVDA,XNAS,2022-06-15
662.75,706.9899,654.49,699.0,39452009.0,,,699.0,,,1.0,0.0,TSLA,XNAS,2022-06-15
133.13,133.89,131.48,132.76,84545000.0,,,132.76,,,1.0,0.0,AAPL,XNAS,2022-06-14
243.86,245.74,241.51,244.49,28616700.0,,,244.49,,,1.0,0.0,MSFT,XNAS,2022-06-14
157.31,160.66,154.12,158.36,46837034.0,,,158.36,,,1.0,0.0,NVDA,XNAS,2022-06-14
654.86,678.97,635.22,662.67,32437363.0,,,662.67,,,1.0,0.0,TSLA,XNAS,2022-06-14
132.87,135.2,131.4401,131.88,121893720.0,,,131.88,,,1.0,0.0,AAPL,XNAS,2022-06-13
245.11,249.02,241.53,242.26,46135788.0,,,242.26,,,1.0,0.0,MSFT,XNAS,2022-06-13
160.0,163.11,156.07,156.47,58887862.0,,,156.47,,,1.0,0.0,NVDA,XNAS,2022-06-13
669.5,679.84,644.05,647.21,33912411.0,,,647.21,,,1.0,0.0,TSLA,XNAS,2022-06-13
140.28,140.76,137.06,137.13,91437900.0,,,137.13,,,1.0,0.0,AAPL,XNAS,2022-06-10
260.58,260.58,252.53,252.99,31422800.0,,,252.99,,,1.0,0.0,MSFT,XNAS,2022-06-10
176.0,176.97,168.69,169.74,46524800.0,,,169.74,,,1.0,0.0,NVDA,XNAS,2022-06-10
705.47,718.5,683.74,696.69,32512200.0,,,696.69,,,1.0,0.0,TSLA,XNAS,2022-06-10
147.08,147.95,142.53,142.64,69367400.0,,,142.64,,,1.0,0.0,AAPL,XNAS,2022-06-09
267.78,272.71,264.63,264.79,26425500.0,,,264.79,,,1.0,0.0,MSFT,XNAS,2022-06-09
184.81,189.33,180.41,180.48,39557379.0,,,180.48,,,1.0,0.0,NVDA,XNAS,2022-06-09
748.02,766.6399,717.98,719.12,32163808.0,,,719.12,,,1.0,0.0,TSLA,XNAS,2022-06-09
148.58,149.87,147.46,147.96,53895900.0,,,147.96,,,1.0,0.0,AAPL,XNAS,2022-06-08
271.71,273.0,269.61,270.41,17369700.0,,,270.41,,,1.0,0.0,MSFT,XNAS,2022-06-08
187.99,191.8,185.35,186.48,36325246.0,,,186.48,,,1.0,0.0,NVDA,XNAS,2022-06-08
720.26,749.88,717.53,725.6,25403540.0,,,725.6,,,1.0,0.0,TSLA,XNAS,2022-06-08
144.35,149.0,144.1,148.71,67713600.0,,,148.71,,,1.0,0.0,AAPL,XNAS,2022-06-07
266.64,273.13,265.94,272.5,22838600.0,,,272.5,,,1.0,0.0,MSFT,XNAS,2022-06-07
184.72,190.0,181.91,189.26,37958970.0,,,189.26,,,1.0,0.0,NVDA,XNAS,2022-06-07
702.0,719.95,690.28,716.66,23994694.0,,,716.66,,,1.0,0.0,TSLA,XNAS,2022-06-07
147.03,148.5689,144.9,146.14,70931362.0,,,146.14,,,1.0,0.0,AAPL,XNAS,2022-06-06
272.06,274.17,267.245,268.75,22400342.0,,,268.75,,,1.0,0.0,MSFT,XNAS,2022-06-06
191.39,193.37,185.642,187.86,42240675.0,,,187.86,,,1.0,0.0,NVDA,XNAS,2022-06-06
733.06,734.59,703.05,714.84,28068152.0,,,714.84,,,1.0,0.0,TSLA,XNAS,2022-06-06
